Column1,Column2
Anhui,112
Anhui,112
Anhui,112
Anhui,112
Anhui,112
Anhui,112
Anhui,112
Anhui,112
Anhui,112
Anhui,112
Anhui,112
Anhui,112
Anhui,112
Anhui,112
Anhui,112
Anhui,112
Anhui,112
Anhui,112
Anhui,112
Anhui,112
Anhui,112
Anhui,112
Anhui,112
Anhui,112
Anhui,112
Anhui,112
Anhui,112
Anhui,112
Anhui,112
Anhui,112
Anhui,112
Anhui,112
Anhui,112
Anhui,112
Anhui,112
Anhui,112
Anhui,112
Anhui,112
Anhui,112
Anhui,112
Anhui,112
Anhui,112
Anhui,112
Anhui,112
Anhui,112
Anhui,112
Anhui,112
Anhui,112
Anhui,112
Anhui,112
Anhui,112
Anhui,112
Anhui,112
Anhui,112
Anhui,65
Anhui,45
Anhui,111
Anhui,91
Anhui,91
Anhui,84
Anhui,233
Anhui,65
Anhui,45
Anhui,111
Anhui,91
Anhui,91
Anhui,84
Anhui,233
Anhui,65
Anhui,45
Anhui,182
Anhui,182
Anhui,182
Anhui,233
Anhui,117
Anhui,65
Anhui,45
Anhui,111
Anhui,91
Anhui,91
Anhui,84
Anhui,233
Anhui,65
Anhui,45
Anhui,91
Anhui,91
Anhui,84
Anhui,111
Anhui,60
Anhui,182
Anhui,182
Anhui,182
Anhui,233
Anhui,65
Anhui,45
Anhui,111
Anhui,91
Anhui,91
Anhui,84
Anhui,233
Anhui,65
Anhui,45
Anhui,111
Anhui,91
Anhui,91
Anhui,84
Anhui,233
Anhui,65
Anhui,45
Anhui,111
Anhui,91
Anhui,91
Anhui,84
Anhui,233
Anhui-Chuzhou,88
Anhui-Chuzhou,88
Anhui-Chuzhou,88
Anhui-Chuzhou,88
Anhui-Chuzhou,88
Anhui-Chuzhou,88
Anhui-Chuzhou,88
Anhui-Chuzhou,88
Beijing,102
China,10
China,10
China,10
China,10
China,10
China,10
China,10
China,10
China,61
China,32
China,10
China,355
China,78
China,27
China,61
China,32
China,10
China,355
China,78
China,27
China,61
China,32
China,10
China,27
China,61
China,32
China,10
China,355
China,78
China,27
China,61
China,32
China,10
China,355
China,78
China,27
China,61
China,32
China,10
China,355
China,78
China,27
China,61
China,32
China,10
China,355
China,78
China,27
China,61
China,32
China,10
China,355
China,78
China,27
Chongqing,54
Dongguan,352
Dongguan,352
Dongguan,352
Dongguan,352
Dongguan,352
Dongguan,51
Dongguan,52
Dongguan,52
Dongguan,52
Dongguan,52
Dongguan,52
Dongguan,52
Dongguan,52
Dongguan,52
Dongguan,52
Dongguan,52
Dongguan,51
Dongguan,51
Dongguan,352
Dongguan,352
Dongguan,352
Dongguan,352
Dongguan,352
Dongguan,51
Dongguan,51
Dongguan,52
Dongguan,52
Dongguan,52
Dongguan,52
Dongguan,52
Dongguan,52
Dongguan,52
Dongguan,52
Dongguan,52
Dongguan,52
Dongguan,51
Dongguan,352
Dongguan,352
Dongguan,352
Dongguan,352
Dongguan,352
Dongguan,51
Dongguan,52
Dongguan,52
Dongguan,52
Dongguan,52
Dongguan,52
Dongguan,52
Dongguan,52
Dongguan,52
Dongguan,52
Dongguan,52
Dongguan,51
Dongguan,51
Dongguan,352
Dongguan,352
Dongguan,352
Dongguan,352
Dongguan,51
Dongguan,52
Dongguan,52
Dongguan,52
Dongguan,52
Dongguan,52
Dongguan,52
Dongguan,52
Dongguan,52
Dongguan,52
Dongguan,52
Dongguan,51
Dongguan,51
Dongguan,352
Dongguan,352
Dongguan,352
Dongguan,352
Dongguan,51
Dongguan,52
Dongguan,52
Dongguan,52
Dongguan,52
Dongguan,52
Dongguan,52
Dongguan,52
Dongguan,52
Dongguan,52
Dongguan,52
Dongguan,51
Dongguan,51
Dongguan,352
Dongguan,352
Dongguan,352
Dongguan,52
Dongguan,52
Dongguan,52
Dongguan,52
Dongguan,52
Dongguan,51
Dongguan,51
Dongguan,52
Dongguan,52
Dongguan,52
Dongguan,52
Dongguan,51
Dongguan,51
Dongguan,51
Dongguan,52
Dongguan,52
Dongguan,52
Dongguan,52
Dongguan,52
Dongguan,52
Dongguan,52
Dongguan,52
Dongguan,52
Dongguan,52
Dongguan,52
Dongguan,52
Dongguan,52
Dongguan,52
Dongguan,52
Dongguan,52
Dongguan,52
Dongguan,52
Dongguan,52
Dongguan,52
Dongguan,52
Dongguan,52
Dongguan,52
Dongguan,52
Dongguan,52
Dongguan,52
Dongguan,51
Dongguan,51
Dongguan,51
Dongguan,51
Dongguan,51
Dongguan,51
Dongguan,51
Dongguan,51
Dongguan,51
Dongguan,51
Dongguan,51
Dongguan,51
Dongguan,51
Dongguan,51
Dongguan,51
Dongguan,51
Dongguan,51
Dongguan,51
Dongguan,51
Dongguan,51
Dongguan,51
Dongguan,51
Dongguan,52
Dongguan,51
Dongguan,52
Dongguan,52
Dongguan,52
Dongguan,52
Dongguan,52
Dongguan,52
Dongguan,52
Dongguan,52
Dongguan,52
Dongguan,52
Dongguan,52
Dongguan,52
Dongguan,52
Dongguan,52
Dongguan,52
Dongguan,52
Dongguan,52
Dongguan,52
Dongguan,52
Dongguan,52
Dongguan,52
Dongguan,52
Dongguan,52
Dongguan,52
Dongguan,52
Dongguan,52
Dongguan,52
Dongguan,52
Dongguan,51
Dongguan,51
Dongguan,51
Dongguan,51
Dongguan,51
Dongguan,51
Dongguan,51
Dongguan,51
Dongguan,51
Dongguan,51
Dongguan,51
Dongguan,51
Dongguan,51
Dongguan,353
Dongguan,353
Dongguan,353
Dongguan,353
Dongguan,353
Dongguan,353
Dongguan,353
Dongguan,353
Dongguan,353
Dongguan,353
Dongguan,353
Dongguan,353
Dongguan,353
Dongguan,353
Dongguan,353
Dongguan,353
Dongguan,353
Dongguan,353
Dongguan,353
Dongguan,353
Dongguan,353
Dongguan,353
Dongguan,353
Dongguan,353
Dongguan,353
Dongguan,353
Dongguan,353
Dongguan,353
Dongguan,353
Dongguan,353
Dongguan,353
Dongguan,353
Dongguan,353
Dongguan,353
Dongguan,353
Dongguan,353
Dongguan,353
Dongguan,352
Dongguan,352
Dongguan,352
Dongguan,352
Dongguan,352
Dongguan,352
Dongguan,352
Dongguan,352
Dongguan,352
Dongguan,352
Dongguan,352
Dongguan,352
Dongguan,352
Dongguan,352
Dongguan,352
Dongguan,352
Dongguan,51
Dongguan,52
Dongguan,52
Dongguan,52
Dongguan,52
Dongguan,52
Dongguan,52
Dongguan,52
Dongguan,52
Dongguan,52
Dongguan,52
Dongguan,51
Dongguan,51
Dongguan,52
Dongguan,52
Dongguan,353
Dongguan,353
Dongguan,353
Dongguan,353
Dongguan,353
Dongguan,353
Dongguan,353
Dongguan,353
Dongguan,353
Dongguan,353
Dongguan,353
Dongguan,353
Dongguan,353
Dongguan,353
Dongguan,353
Dongguan,353
Dongguan,353
Dongguan,353
Dongguan,353
Dongguan,353
Dongguan,353
Dongguan,353
Dongguan,353
Dongguan,353
Dongguan,353
Dongguan,353
Dongguan,353
Dongguan,353
Dongguan,353
Dongguan,353
Dongguan,353
Dongguan,353
Dongguan,353
Dongguan,353
Dongguan,353
Dongguan,353
Dongguan,353
Dongguan,352
Dongguan,352
Dongguan,352
Dongguan,352
Dongguan,352
Dongguan,352
Dongguan,52
Dongguan,52
Dongguan,353
Dongguan,353
Dongguan,353
Dongguan,353
Dongguan,353
Dongguan,353
Dongguan,353
Dongguan,353
Dongguan,353
Dongguan,353
Dongguan,353
Dongguan,353
Dongguan,353
Dongguan,353
Dongguan,353
Dongguan,353
Dongguan,353
Dongguan,353
Dongguan,353
Dongguan,353
Dongguan,353
Dongguan,353
Dongguan,353
Dongguan,353
Dongguan,353
Dongguan,353
Dongguan,353
Dongguan,353
Dongguan,353
Dongguan,353
Dongguan,353
Dongguan,353
Dongguan,353
Dongguan,353
Dongguan,353
Dongguan,353
Dongguan,353
Dongguan,352
Dongguan,352
Dongguan,352
Dongguan,352
Dongguan,352
Dongguan,352
Dongguan,52
Dongguan,52
Dongguan,353
Dongguan,353
Dongguan,353
Dongguan,353
Dongguan,353
Dongguan,353
Dongguan,353
Dongguan,353
Dongguan,353
Dongguan,353
Dongguan,353
Dongguan,353
Dongguan,353
Dongguan,353
Dongguan,353
Dongguan,353
Dongguan,353
Dongguan,353
Dongguan,353
Dongguan,353
Dongguan,353
Dongguan,353
Dongguan,353
Dongguan,353
Dongguan,353
Dongguan,353
Dongguan,353
Dongguan,353
Dongguan,353
Dongguan,353
Dongguan,353
Dongguan,353
Dongguan,353
Dongguan,353
Dongguan,353
Dongguan,353
Dongguan,353
Dongguan,352
Dongguan,352
Dongguan,352
Dongguan,352
Dongguan,352
Dongguan,352
Dongguan,52
Dongguan,52
Dongguan,353
Dongguan,353
Dongguan,353
Dongguan,353
Dongguan,353
Dongguan,353
Dongguan,353
Dongguan,353
Dongguan,353
Dongguan,353
Dongguan,353
Dongguan,353
Dongguan,353
Dongguan,353
Dongguan,353
Dongguan,353
Dongguan,353
Dongguan,353
Dongguan,353
Dongguan,353
Dongguan,353
Dongguan,353
Dongguan,353
Dongguan,353
Dongguan,353
Dongguan,353
Dongguan,353
Dongguan,353
Dongguan,353
Dongguan,353
Dongguan,353
Dongguan,353
Dongguan,353
Dongguan,353
Dongguan,353
Dongguan,353
Dongguan,353
Dongguan,352
Dongguan,352
Dongguan,352
Dongguan,352
Dongguan,352
Dongguan,352
Dongguan,352
Dongguan,52
Dongguan,52
Dongguan,353
Dongguan,353
Dongguan,353
Dongguan,353
Dongguan,353
Dongguan,353
Dongguan,353
Dongguan,353
Dongguan,353
Dongguan,353
Dongguan,353
Dongguan,353
Dongguan,353
Dongguan,353
Dongguan,353
Dongguan,353
Dongguan,353
Dongguan,353
Dongguan,353
Dongguan,353
Dongguan,353
Dongguan,353
Dongguan,353
Dongguan,353
Dongguan,353
Dongguan,353
Dongguan,353
Dongguan,353
Dongguan,353
Dongguan,353
Dongguan,353
Dongguan,353
Dongguan,353
Dongguan,353
Dongguan,353
Dongguan,353
Dongguan,353
Dongguan,352
Dongguan,352
Dongguan,352
Dongguan,352
Dongguan,352
Dongguan,352
Dongguan,352
Dongguan,52
Dongguan,52
Dongguan,353
Dongguan,353
Dongguan,353
Dongguan,353
Dongguan,353
Dongguan,353
Dongguan,353
Dongguan,353
Dongguan,353
Dongguan,353
Dongguan,353
Dongguan,353
Dongguan,353
Dongguan,353
Dongguan,353
Dongguan,353
Dongguan,353
Dongguan,353
Dongguan,353
Dongguan,353
Dongguan,353
Dongguan,353
Dongguan,353
Dongguan,353
Dongguan,353
Dongguan,353
Dongguan,353
Dongguan,353
Dongguan,353
Dongguan,353
Dongguan,353
Dongguan,353
Dongguan,353
Dongguan,353
Dongguan,353
Dongguan,353
Dongguan,352
Dongguan,352
Dongguan,352
Dongguan,353
Dongguan,352
Dongguan,352
Dongguan,352
Dongguan,352
Dongguan,352
Dongguan,52
Dongguan,52
Dongguan,52
Dongguan,52
Dongguan,353
Dongguan,353
Dongguan,353
Dongguan,353
Dongguan,353
Dongguan,353
Dongguan,353
Dongguan,353
Dongguan,353
Dongguan,353
Dongguan,353
Dongguan,353
Dongguan,353
Dongguan,353
Dongguan,353
Dongguan,353
Dongguan,353
Dongguan,353
Dongguan,353
Dongguan,353
Dongguan,353
Dongguan,353
Dongguan,353
Dongguan,353
Dongguan,353
Dongguan,353
Dongguan,353
Dongguan,353
Dongguan,353
Dongguan,353
Dongguan,353
Dongguan,353
Dongguan,353
Dongguan,353
Dongguan,353
Dongguan,353
Dongguan,353
Dongguan,352
Dongguan,352
Dongguan,352
Dongguan,352
Dongguan,352
Dongguan,352
Dongguan,51
Dongguan,51
Dongguan,51
Dongguan,51
Dongguan,51
Dongguan,51
Dongguan,51
Dongguan,51
Dongguan,52
Dongguan,52
Dongguan,52
Dongguan,52
Dongguan,52
Dongguan,52
Dongguan,52
Dongguan,52
Dongguan,52
Dongguan,52
Dongguan,52
Dongguan,52
Dongguan,52
Dongguan,52
Dongguan,52
Dongguan,52
Dongguan,52
Dongguan,52
Dongguan,52
Dongguan,52
Dongguan,52
Dongguan,52
Dongguan,52
Dongguan,52
Dongguan,52
Dongguan,52
Dongguan,52
Dongguan,52
Dongguan,52
Dongguan,51
Dongguan,51
Dongguan,51
Dongguan,51
Dongguan,51
Dongguan,51
Dongguan,51
Dongguan,51
Dongguan,51
Dongguan,51
Dongguan,51
Dongguan,51
Dongguan,51
Dongguan,51
Dongguan,51
Dongguan,51
Dongguan,51
Dongguan,51
Dongguan,51
Dongguan,51
Dongguan,51
Dongguan,51
Dongguan,52
Dongguan,52
Dongguan,52
Dongguan,52
Dongguan,52
Dongguan,52
Dongguan,52
Dongguan,52
Dongguan,52
Dongguan,52
Dongguan,52
Dongguan,52
Dongguan,52
Dongguan,52
Dongguan,52
Dongguan,52
Dongguan,52
Dongguan,52
Dongguan,52
Dongguan,52
Dongguan,52
Dongguan,52
Dongguan,52
Dongguan,52
Dongguan,52
Dongguan,52
Dongguan,52
Dongguan,52
Dongguan,52
Dongguan,51
Dongguan,51
Dongguan,51
Dongguan,51
Dongguan,51
Dongguan,51
Dongguan,51
Dongguan,51
Dongguan,51
Dongguan,51
Dongguan,51
Dongguan,51
Dongguan,51
Dongguan,51
Dongguan,51
Dongguan,51
Dongguan,51
Dongguan,51
Dongguan,51
Dongguan,51
Dongguan,51
Dongguan,52
Dongguan,52
Dongguan,52
Dongguan,52
Dongguan,52
Dongguan,52
Dongguan,52
Dongguan,52
Dongguan,52
Dongguan,52
Dongguan,52
Dongguan,52
Dongguan,52
Dongguan,52
Dongguan,52
Dongguan,52
Dongguan,52
Dongguan,52
Dongguan,52
Dongguan,52
Dongguan,52
Dongguan,52
Dongguan,52
Dongguan,52
Dongguan,52
Dongguan,52
Dongguan,52
Dongguan,52
Dongguan,52
Dongguan,51
Dongguan,51
Dongguan,51
Dongguan,51
Dongguan,51
Dongguan,51
Dongguan,51
Dongguan,51
Dongguan,51
Dongguan,51
Dongguan,51
Dongguan,51
Dongguan,51
Dongguan,51
Dongguan,51
Dongguan,51
Dongguan,51
Dongguan,51
Dongguan,51
Dongguan,51
Dongguan,51
Dongguan,52
Dongguan,52
Dongguan,52
Dongguan,52
Dongguan,52
Dongguan,52
Dongguan,52
Dongguan,52
Dongguan,52
Dongguan,52
Dongguan,52
Dongguan,52
Dongguan,52
Dongguan,52
Dongguan,52
Dongguan,52
Dongguan,52
Dongguan,52
Dongguan,52
Dongguan,52
Dongguan,52
Dongguan,52
Dongguan,52
Dongguan,52
Dongguan,52
Dongguan,52
Dongguan,52
Dongguan,52
Dongguan,52
Dongguan,51
Dongguan,51
Dongguan,51
Dongguan,51
Dongguan,51
Dongguan,51
Dongguan,51
Dongguan,51
Dongguan,51
Dongguan,51
Dongguan,51
Dongguan,51
Dongguan,51
Dongguan,51
Dongguan,51
Dongguan,51
Dongguan,51
Dongguan,51
Dongguan,51
Dongguan,51
Dongguan,51
Dongguan,52
Dongguan,52
Dongguan,52
Dongguan,52
Dongguan,52
Dongguan,52
Dongguan,52
Dongguan,52
Dongguan,52
Dongguan,52
Dongguan,52
Dongguan,52
Dongguan,52
Dongguan,52
Dongguan,52
Dongguan,52
Dongguan,52
Dongguan,52
Dongguan,52
Dongguan,52
Dongguan,52
Dongguan,52
Dongguan,52
Dongguan,52
Dongguan,52
Dongguan,52
Dongguan,52
Dongguan,52
Dongguan,52
Dongguan,51
Dongguan,51
Dongguan,51
Dongguan,51
Dongguan,51
Dongguan,51
Dongguan,51
Dongguan,51
Dongguan,51
Dongguan,51
Dongguan,51
Dongguan,51
Dongguan,51
Dongguan,51
Dongguan,51
Dongguan,51
Dongguan,51
Dongguan,51
Dongguan,51
Dongguan,51
Dongguan,51
Dongguan,52
Dongguan,52
Dongguan,52
Dongguan,52
Dongguan,52
Dongguan,52
Dongguan,52
Dongguan,52
Dongguan,52
Dongguan,52
Dongguan,52
Dongguan,52
Dongguan,52
Dongguan,52
Dongguan,52
Dongguan,52
Dongguan,52
Dongguan,52
Dongguan,52
Dongguan,52
Dongguan,52
Dongguan,51
Dongguan,51
Dongguan,51
Dongguan,51
Dongguan,51
Dongguan,51
Dongguan,51
Dongguan,51
Dongguan,51
Dongguan,51
Dongguan,51
Dongguan,51
Dongguan,51
Dongguan,51
Dongguan,51
Dongguan,51
Dongguan,51
Dongguan,51
Dongguan,52
Dongguan,52
Dongguan,52
Dongguan,52
Dongguan,52
Dongguan,52
Dongguan,52
Dongguan,52
Dongguan,52
Dongguan,52
Dongguan,52
Dongguan,52
Dongguan,52
Dongguan,52
Dongguan,52
Dongguan,52
Dongguan,52
Dongguan,52
Dongguan,52
Dongguan,52
Dongguan,52
Dongguan,52
Dongguan,52
Dongguan,52
Dongguan,52
Dongguan,52
Dongguan,52
Dongguan,52
Dongguan,52
Dongguan,51
Dongguan,51
Dongguan,51
Dongguan,51
Dongguan,51
Dongguan,51
Dongguan,51
Dongguan,51
Dongguan,51
Dongguan,51
Dongguan,51
Dongguan,51
Dongguan,51
Dongguan,52
Dongguan,52
Dongguan,52
Dongguan,52
Dongguan,52
Dongguan,52
Dongguan,52
Dongguan,52
Dongguan,52
Dongguan,52
Dongguan,52
Dongguan,52
Dongguan,52
Dongguan,52
Dongguan,52
Dongguan,52
Dongguan,52
Dongguan,52
Dongguan,52
Dongguan,52
Dongguan,51
Dongguan,51
Dongguan,51
Dongguan,51
Dongguan,51
Dongguan,51
Dongguan,51
Dongguan,51
Dongguan,51
Dongguan,51
Dongguan,51
Dongguan,51
Dongguan,51
Dongguan,51
Dongguan,51
Dongguan,52
Dongguan,52
Dongguan,52
Dongguan,52
Dongguan,52
Dongguan,52
Dongguan,52
Dongguan,52
Dongguan,52
Dongguan,52
Dongguan,52
Dongguan,52
Dongguan,52
Dongguan,52
Dongguan,52
Dongguan,52
Dongguan,52
Dongguan,52
Dongguan,52
Dongguan,52
Dongguan,51
Dongguan,51
Dongguan,51
Dongguan,51
Dongguan,51
Dongguan,51
Dongguan,51
Dongguan,51
Dongguan,51
Dongguan,51
Dongguan,51
Dongguan,51
Dongguan,51
Dongguan,51
Dongguan,52
Dongguan,52
Dongguan,52
Dongguan,52
Dongguan,52
Dongguan,52
Dongguan,52
Dongguan,52
Dongguan,52
Dongguan,52
Dongguan,52
Dongguan,52
Dongguan,52
Dongguan,52
Dongguan,52
Dongguan,52
Dongguan,52
Dongguan,52
Dongguan,52
Dongguan,52
Dongguan,51
Dongguan,51
Dongguan,51
Dongguan,51
Dongguan,51
Dongguan,51
Dongguan,51
Dongguan,51
Dongguan,51
Dongguan,51
Dongguan,51
Dongguan,51
Dongguan,51
Dongguan,51
Dongguan,51
Dongguan,52
Dongguan,52
Dongguan,52
Dongguan,52
Dongguan,52
Dongguan,52
Dongguan,52
Dongguan,52
Dongguan,52
Dongguan,52
Dongguan,52
Dongguan,52
Dongguan,52
Dongguan,52
Dongguan,52
Dongguan,52
Dongguan,52
Dongguan,52
Dongguan,52
Dongguan,52
Dongguan,51
Dongguan,51
Dongguan,51
Dongguan,51
Dongguan,51
Dongguan,51
Dongguan,51
Dongguan,51
Dongguan,51
Dongguan,51
Dongguan,51
Dongguan,51
Dongguan,51
Dongguan,51
Dongguan,51
Dongguan,52
Dongguan,52
Dongguan,52
Dongguan,52
Dongguan,52
Dongguan,52
Dongguan,52
Dongguan,52
Dongguan,52
Dongguan,52
Dongguan,52
Dongguan,52
Dongguan,52
Dongguan,52
Dongguan,52
Dongguan,52
Dongguan,52
Dongguan,52
Dongguan,52
Dongguan,52
Dongguan,51
Dongguan,51
Dongguan,51
Dongguan,51
Dongguan,51
Dongguan,51
Dongguan,51
Dongguan,51
Dongguan,51
Dongguan,51
Dongguan,51
Dongguan,51
Dongguan,51
Dongguan,51
Dongguan,51
Dongguan,52
Dongguan,52
Dongguan,52
Dongguan,52
Dongguan,52
Dongguan,52
Dongguan,52
Dongguan,52
Dongguan,52
Dongguan,52
Dongguan,52
Dongguan,52
Dongguan,52
Dongguan,52
Dongguan,52
Dongguan,52
Dongguan,52
Dongguan,52
Dongguan,52
Dongguan,52
Dongguan,52
Dongguan,51
Dongguan,51
Dongguan,51
Dongguan,51
Dongguan,51
Dongguan,51
Dongguan,51
Dongguan,51
Dongguan,51
Dongguan,51
Dongguan,51
Dongguan,51
Dongguan,51
Dongguan,51
Dongguan,51
Dongguan,52
Dongguan,52
Dongguan,52
Dongguan,52
Dongguan,52
Dongguan,52
Dongguan,52
Dongguan,52
Dongguan,52
Dongguan,52
Dongguan,52
Dongguan,52
Dongguan,52
Dongguan,52
Dongguan,52
Dongguan,52
Dongguan,52
Dongguan,52
Dongguan,52
Dongguan,52
Dongguan,51
Dongguan,51
Dongguan,51
Dongguan,51
Dongguan,51
Dongguan,51
Dongguan,51
Dongguan,51
Dongguan,51
Dongguan,51
Dongguan,51
Dongguan,51
Dongguan,51
Dongguan,51
Dongguan,51
Dongguan,64
Dongguan,64
Dongguan,64
Dongguan,64
Dongguan,64
Dongguan,64
Dongguan,64
Dongguan,64
Fujian,157
Fujian,17
Fujian,343
Fujian,308
Fujian,308
Fujian,308
Fujian,65
Fujian,98
Fujian,64
Fujian,64
Fujian,157
Fujian,17
Fujian,343
Fujian,308
Fujian,308
Fujian,308
Fujian,65
Fujian,98
Fujian,64
Fujian,64
Fujian,157
Fujian,17
Fujian,343
Fujian,308
Fujian,308
Fujian,308
Fujian,65
Fujian,98
Fujian,64
Fujian,64
Fujian,157
Fujian,17
Fujian,343
Fujian,308
Fujian,308
Fujian,308
Fujian,65
Fujian,98
Fujian,64
Fujian,64
Fujian,157
Fujian,17
Fujian,343
Fujian,308
Fujian,308
Fujian,308
Fujian,65
Fujian,98
Fujian,64
Fujian,64
Fujian,157
Fujian,17
Fujian,343
Fujian,308
Fujian,308
Fujian,308
Fujian,65
Fujian,98
Fujian,64
Fujian,64
Fujian,157
Fujian,17
Fujian,343
Fujian,308
Fujian,308
Fujian,308
Fujian,65
Fujian,98
Fujian,64
Fujian,64
Fujian,157
Fujian,17
Fujian,343
Fujian,308
Fujian,308
Fujian,308
Fujian,65
Fujian,98
Fujian,64
Fujian,64
Fujian,85
Fujian,85
Fujian,85
Fujian,139
Fujian,85
Fujian,85
Fujian,85
Fujian,85
Fujian,85
Gansu,126
Ganzhou,27
Ganzhou,27
Ganzhou,27
Ganzhou,27
Ganzhou,27
Ganzhou,27
Ganzhou,27
Ganzhou,27
Guangdong,41
Guangdong,36
Guangdong,32
Guangdong,1
Guangdong,15
Guangdong,1
Guangdong,346
Guangdong,334
Guangdong,329
Guangdong,136
Guangdong,125
Guangdong,125
Guangdong,125
Guangdong,136
Guangdong,136
Guangdong,123
Guangdong,41
Guangdong,36
Guangdong,32
Guangdong,1
Guangdong,15
Guangdong,1
Guangdong,346
Guangdong,334
Guangdong,329
Guangdong,136
Guangdong,125
Guangdong,125
Guangdong,125
Guangdong,136
Guangdong,136
Guangdong,123
Guangdong,41
Guangdong,36
Guangdong,32
Guangdong,1
Guangdong,15
Guangdong,1
Guangdong,346
Guangdong,334
Guangdong,329
Guangdong,136
Guangdong,125
Guangdong,125
Guangdong,125
Guangdong,136
Guangdong,136
Guangdong,123
Guangdong,41
Guangdong,36
Guangdong,32
Guangdong,1
Guangdong,15
Guangdong,1
Guangdong,346
Guangdong,334
Guangdong,329
Guangdong,136
Guangdong,125
Guangdong,125
Guangdong,125
Guangdong,136
Guangdong,136
Guangdong,123
Guangdong,41
Guangdong,36
Guangdong,32
Guangdong,1
Guangdong,15
Guangdong,1
Guangdong,346
Guangdong,334
Guangdong,329
Guangdong,136
Guangdong,125
Guangdong,125
Guangdong,125
Guangdong,136
Guangdong,136
Guangdong,123
Guangdong,41
Guangdong,36
Guangdong,32
Guangdong,1
Guangdong,15
Guangdong,1
Guangdong,346
Guangdong,334
Guangdong,329
Guangdong,136
Guangdong,125
Guangdong,125
Guangdong,125
Guangdong,136
Guangdong,136
Guangdong,123
Guangdong,41
Guangdong,36
Guangdong,32
Guangdong,1
Guangdong,15
Guangdong,1
Guangdong,346
Guangdong,334
Guangdong,329
Guangdong,136
Guangdong,125
Guangdong,125
Guangdong,125
Guangdong,136
Guangdong,136
Guangdong,123
Guangdong,41
Guangdong,36
Guangdong,32
Guangdong,1
Guangdong,15
Guangdong,1
Guangdong,346
Guangdong,334
Guangdong,329
Guangdong,136
Guangdong,125
Guangdong,125
Guangdong,125
Guangdong,136
Guangdong,136
Guangdong,123
Guangdong,106
Guangdong,112
Guangdong,149
Guangdong,83
Guangdong,80
Guangdong,49
Guangdong,149
Guangdong,106
Guangdong,112
Guangdong,149
Guangdong,83
Guangdong,80
Guangdong,49
Guangdong,149
Guangdong,106
Guangdong,112
Guangdong,149
Guangdong,83
Guangdong,80
Guangdong,49
Guangdong,149
Guangdong,105
Guangdong,105
Guangdong,105
Guangdong,105
Guangdong,105
Guangdong,105
Guangdong,105
Guangdong,105
Guangdong,105
Guangdong,105
Guangdong,105
Guangdong,106
Guangdong,112
Guangdong,149
Guangdong,83
Guangdong,80
Guangdong,49
Guangdong,106
Guangdong,112
Guangdong,149
Guangdong,83
Guangdong,80
Guangdong,49
Guangdong,105
Guangdong,105
Guangdong,105
Guangdong,105
Guangdong,105
Guangdong,105
Guangdong,105
Guangdong,105
Guangdong,105
Guangdong,106
Guangdong,112
Guangdong,149
Guangdong,83
Guangdong,80
Guangdong,49
Guangdong,106
Guangdong,112
Guangdong,149
Guangdong,83
Guangdong,80
Guangdong,49
Guangdong,149
Guangdong,106
Guangdong,112
Guangdong,149
Guangdong,83
Guangdong,80
Guangdong,49
Guangdong,149
Guangdong,103
Guangdong,8
Guangdong,345
Guangdong,59
Guangdong,222
Guangdong,186
Guangdong,155
Guangdong,113
Guangdong,113
Guangdong,113
Guangdong,113
Guangdong,92
Guangdong,78
Guangdong,78
Guangdong,68
Guangdong,68
Guangdong,77
Guangdong,61
Guangdong,61
Guangdong,61
Guangdong,21
Guangdong,13
Guangdong,362
Guangdong,362
Guangdong,362
Guangdong,350
Guangdong,318
Guangdong,263
Guangdong,263
Guangdong,188
Guangdong,188
Guangdong,142
Guangdong,142
Guangdong,111
Guangdong,104
Guangdong,71
Guangdong,40
Guangdong,26
Guangdong,30
Guangdong,30
Guangdong,4
Guangdong,4
Guangdong,4
Guangdong,97
Guangdong,22
Guangdong,12
Guangdong,18
Guangdong,73
Guangdong,18
Guangdong,18
Guangdong,73
Guangdong,67
Guangdong,54
Guangdong,54
Guangdong,27
Guangdong,352
Guangdong,27
Guangdong,18
Guangdong,9
Guangdong,18
Guangdong,9
Guangdong,224
Guangdong,224
Guangdong,90
Guangdong,103
Guangdong,8
Guangdong,345
Guangdong,59
Guangdong,222
Guangdong,186
Guangdong,155
Guangdong,113
Guangdong,113
Guangdong,113
Guangdong,113
Guangdong,92
Guangdong,78
Guangdong,78
Guangdong,68
Guangdong,68
Guangdong,77
Guangdong,61
Guangdong,61
Guangdong,61
Guangdong,21
Guangdong,13
Guangdong,362
Guangdong,362
Guangdong,362
Guangdong,350
Guangdong,318
Guangdong,263
Guangdong,263
Guangdong,188
Guangdong,188
Guangdong,142
Guangdong,142
Guangdong,111
Guangdong,104
Guangdong,71
Guangdong,40
Guangdong,26
Guangdong,30
Guangdong,30
Guangdong,4
Guangdong,4
Guangdong,4
Guangdong,4
Guangdong,4
Guangdong,97
Guangdong,22
Guangdong,12
Guangdong,18
Guangdong,73
Guangdong,18
Guangdong,18
Guangdong,73
Guangdong,67
Guangdong,54
Guangdong,54
Guangdong,27
Guangdong,352
Guangdong,27
Guangdong,18
Guangdong,9
Guangdong,18
Guangdong,9
Guangdong,224
Guangdong,224
Guangdong,90
Guangdong,103
Guangdong,4
Guangdong,8
Guangdong,345
Guangdong,1
Guangdong,1
Guangdong,1
Guangdong,1
Guangdong,1
Guangdong,149
Guangdong,149
Guangdong,149
Guangdong,83
Guangdong,80
Guangdong,59
Guangdong,222
Guangdong,186
Guangdong,155
Guangdong,113
Guangdong,113
Guangdong,113
Guangdong,113
Guangdong,92
Guangdong,78
Guangdong,78
Guangdong,68
Guangdong,68
Guangdong,77
Guangdong,61
Guangdong,61
Guangdong,61
Guangdong,21
Guangdong,13
Guangdong,362
Guangdong,362
Guangdong,362
Guangdong,350
Guangdong,318
Guangdong,263
Guangdong,263
Guangdong,188
Guangdong,188
Guangdong,142
Guangdong,142
Guangdong,111
Guangdong,104
Guangdong,71
Guangdong,40
Guangdong,26
Guangdong,30
Guangdong,30
Guangdong,4
Guangdong,4
Guangdong,4
Guangdong,4
Guangdong,4
Guangdong,97
Guangdong,22
Guangdong,12
Guangdong,18
Guangdong,73
Guangdong,18
Guangdong,18
Guangdong,73
Guangdong,67
Guangdong,54
Guangdong,54
Guangdong,27
Guangdong,352
Guangdong,27
Guangdong,18
Guangdong,9
Guangdong,18
Guangdong,9
Guangdong,224
Guangdong,224
Guangdong,90
Guangdong,103
Guangdong,8
Guangdong,345
Guangdong,59
Guangdong,222
Guangdong,186
Guangdong,155
Guangdong,113
Guangdong,113
Guangdong,113
Guangdong,113
Guangdong,92
Guangdong,78
Guangdong,78
Guangdong,68
Guangdong,68
Guangdong,77
Guangdong,61
Guangdong,61
Guangdong,61
Guangdong,21
Guangdong,13
Guangdong,362
Guangdong,362
Guangdong,362
Guangdong,350
Guangdong,318
Guangdong,263
Guangdong,263
Guangdong,188
Guangdong,188
Guangdong,142
Guangdong,142
Guangdong,111
Guangdong,104
Guangdong,71
Guangdong,40
Guangdong,26
Guangdong,30
Guangdong,30
Guangdong,4
Guangdong,4
Guangdong,4
Guangdong,4
Guangdong,4
Guangdong,149
Guangdong,97
Guangdong,22
Guangdong,12
Guangdong,18
Guangdong,73
Guangdong,18
Guangdong,18
Guangdong,73
Guangdong,67
Guangdong,54
Guangdong,54
Guangdong,27
Guangdong,352
Guangdong,27
Guangdong,18
Guangdong,9
Guangdong,18
Guangdong,9
Guangdong,224
Guangdong,224
Guangdong,90
Guangdong,103
Guangdong,4
Guangdong,8
Guangdong,345
Guangdong,149
Guangdong,149
Guangdong,149
Guangdong,83
Guangdong,80
Guangdong,59
Guangdong,222
Guangdong,186
Guangdong,155
Guangdong,113
Guangdong,113
Guangdong,113
Guangdong,113
Guangdong,92
Guangdong,78
Guangdong,78
Guangdong,68
Guangdong,68
Guangdong,77
Guangdong,61
Guangdong,61
Guangdong,61
Guangdong,21
Guangdong,13
Guangdong,362
Guangdong,362
Guangdong,362
Guangdong,350
Guangdong,318
Guangdong,263
Guangdong,263
Guangdong,188
Guangdong,188
Guangdong,142
Guangdong,142
Guangdong,111
Guangdong,104
Guangdong,71
Guangdong,40
Guangdong,26
Guangdong,30
Guangdong,30
Guangdong,4
Guangdong,4
Guangdong,4
Guangdong,4
Guangdong,4
Guangdong,149
Guangdong,97
Guangdong,22
Guangdong,12
Guangdong,18
Guangdong,73
Guangdong,18
Guangdong,18
Guangdong,73
Guangdong,67
Guangdong,54
Guangdong,54
Guangdong,27
Guangdong,352
Guangdong,27
Guangdong,18
Guangdong,9
Guangdong,18
Guangdong,9
Guangdong,224
Guangdong,224
Guangdong,90
Guangdong,103
Guangdong,8
Guangdong,345
Guangdong,59
Guangdong,222
Guangdong,186
Guangdong,155
Guangdong,113
Guangdong,113
Guangdong,113
Guangdong,113
Guangdong,92
Guangdong,78
Guangdong,78
Guangdong,68
Guangdong,68
Guangdong,77
Guangdong,61
Guangdong,61
Guangdong,61
Guangdong,21
Guangdong,13
Guangdong,362
Guangdong,362
Guangdong,362
Guangdong,350
Guangdong,318
Guangdong,263
Guangdong,263
Guangdong,188
Guangdong,188
Guangdong,142
Guangdong,142
Guangdong,111
Guangdong,104
Guangdong,71
Guangdong,40
Guangdong,26
Guangdong,30
Guangdong,30
Guangdong,4
Guangdong,4
Guangdong,4
Guangdong,4
Guangdong,4
Guangdong,149
Guangdong,97
Guangdong,22
Guangdong,12
Guangdong,18
Guangdong,73
Guangdong,18
Guangdong,18
Guangdong,73
Guangdong,67
Guangdong,54
Guangdong,54
Guangdong,27
Guangdong,352
Guangdong,27
Guangdong,18
Guangdong,9
Guangdong,18
Guangdong,9
Guangdong,224
Guangdong,224
Guangdong,90
Guangdong,103
Guangdong,8
Guangdong,345
Guangdong,59
Guangdong,222
Guangdong,186
Guangdong,155
Guangdong,113
Guangdong,113
Guangdong,113
Guangdong,113
Guangdong,92
Guangdong,78
Guangdong,78
Guangdong,68
Guangdong,68
Guangdong,77
Guangdong,61
Guangdong,61
Guangdong,61
Guangdong,21
Guangdong,13
Guangdong,362
Guangdong,362
Guangdong,362
Guangdong,350
Guangdong,318
Guangdong,263
Guangdong,263
Guangdong,188
Guangdong,188
Guangdong,142
Guangdong,142
Guangdong,111
Guangdong,104
Guangdong,71
Guangdong,40
Guangdong,26
Guangdong,30
Guangdong,30
Guangdong,4
Guangdong,4
Guangdong,4
Guangdong,4
Guangdong,4
Guangdong,97
Guangdong,22
Guangdong,12
Guangdong,18
Guangdong,73
Guangdong,18
Guangdong,18
Guangdong,73
Guangdong,67
Guangdong,54
Guangdong,54
Guangdong,27
Guangdong,352
Guangdong,27
Guangdong,18
Guangdong,9
Guangdong,18
Guangdong,9
Guangdong,224
Guangdong,224
Guangdong,90
Guangdong,103
Guangdong,8
Guangdong,345
Guangdong,59
Guangdong,222
Guangdong,186
Guangdong,155
Guangdong,113
Guangdong,113
Guangdong,113
Guangdong,113
Guangdong,92
Guangdong,78
Guangdong,78
Guangdong,68
Guangdong,68
Guangdong,77
Guangdong,61
Guangdong,61
Guangdong,61
Guangdong,21
Guangdong,13
Guangdong,362
Guangdong,362
Guangdong,362
Guangdong,350
Guangdong,318
Guangdong,263
Guangdong,263
Guangdong,188
Guangdong,188
Guangdong,142
Guangdong,142
Guangdong,111
Guangdong,104
Guangdong,71
Guangdong,40
Guangdong,26
Guangdong,30
Guangdong,30
Guangdong,4
Guangdong,4
Guangdong,4
Guangdong,4
Guangdong,4
Guangdong,97
Guangdong,22
Guangdong,12
Guangdong,18
Guangdong,73
Guangdong,18
Guangdong,18
Guangdong,73
Guangdong,67
Guangdong,54
Guangdong,54
Guangdong,27
Guangdong,352
Guangdong,27
Guangdong,18
Guangdong,9
Guangdong,18
Guangdong,9
Guangdong,224
Guangdong,224
Guangdong,90
Guangdong,43
Guangdong,89
Guangdong,6
Guangdong,9
Guangdong,61
Guangdong,38
Guangdong,38
Guangdong,38
Guangdong,38
Guangdong,335
Guangdong,43
Guangdong,89
Guangdong,6
Guangdong,9
Guangdong,61
Guangdong,38
Guangdong,38
Guangdong,38
Guangdong,38
Guangdong,335
Guangdong,43
Guangdong,89
Guangdong,99
Guangdong,62
Guangdong,41
Guangdong,41
Guangdong,61
Guangdong,38
Guangdong,38
Guangdong,38
Guangdong,38
Guangdong,32
Guangdong,335
Guangdong,43
Guangdong,89
Guangdong,6
Guangdong,9
Guangdong,61
Guangdong,38
Guangdong,38
Guangdong,38
Guangdong,38
Guangdong,335
Guangdong,43
Guangdong,89
Guangdong,6
Guangdong,9
Guangdong,41
Guangdong,61
Guangdong,38
Guangdong,38
Guangdong,38
Guangdong,38
Guangdong,335
Guangdong,43
Guangdong,89
Guangdong,6
Guangdong,9
Guangdong,61
Guangdong,38
Guangdong,38
Guangdong,38
Guangdong,38
Guangdong,335
Guangdong,43
Guangdong,89
Guangdong,6
Guangdong,9
Guangdong,61
Guangdong,38
Guangdong,38
Guangdong,38
Guangdong,38
Guangdong,335
Guangdong,43
Guangdong,89
Guangdong,9
Guangdong,6
Guangdong,61
Guangdong,38
Guangdong,38
Guangdong,38
Guangdong,38
Guangxi,64
Guangxi,64
Guangxi,64
Guangxi,64
Guangxi,64
Guangxi,64
Guangxi,64
Guangxi,64
Guangxi,24
Guangxi,24
Guangxi,24
Guangxi,24
Guangxi,24
Guangxi,24
Guangxi,24
Guangxi,24
Guangxi,24
Guangxi,24
Guangxi,24
Guangxi,24
Guangxi,24
Guangxi,24
Guangxi,24
Guangxi,24
Guangxi,24
Guangxi,24
Guangxi,24
Guangxi,24
Guangxi,24
Guangxi,24
Guangxi,24
Guangxi,24
Guangxi,65
Guangxi,87
Guangxi,108
Guangxi,108
Guangxi,108
Guangxi,65
Guangxi,87
Guangxi,108
Guangxi,108
Guangxi,108
Guangxi,217
Guangxi,65
Guangxi,87
Guangxi,108
Guangxi,108
Guangxi,108
Guangxi,65
Guangxi,87
Guangxi,108
Guangxi,108
Guangxi,108
Guangxi,217
Guangxi,65
Guangxi,87
Guangxi,108
Guangxi,108
Guangxi,108
Guangxi,65
Guangxi,87
Guangxi,108
Guangxi,108
Guangxi,108
Guangxi,65
Guangxi,87
Guangxi,108
Guangxi,108
Guangxi,108
Guangxi,65
Guangxi,87
Guangxi,108
Guangxi,108
Guangxi,108
Guangzhou,193
Guangzhou,15
Guangzhou,15
Guangzhou,15
Guangzhou,15
Guangzhou,15
Guangzhou,15
Guangzhou,15
Guangzhou,15
Guizhou,63
Hangzhou,100
Hangzhou,100
Hangzhou,100
Hangzhou,100
Hangzhou,100
Hangzhou,100
Hangzhou,100
Hangzhou,100
Hangzhou,100
Hangzhou,100
Hangzhou,100
Hangzhou,100
Hangzhou,100
Hangzhou,100
Hangzhou,100
Hangzhou,100
Hangzhou,125
Hangzhou,125
Hangzhou,125
Hangzhou,125
Hangzhou,125
Hangzhou,125
Hangzhou,125
Hangzhou,125
Hebei,53
Hebei,118
Hebei,53
Hebei,118
Hebei,53
Hebei,118
Hebei,53
Hebei,118
Hebei,53
Hebei,118
Hebei,53
Hebei,118
Hebei,53
Hebei,118
Hebei,53
Hebei,118
Hebei,134
Hebei,366
Hebei,121
Hebei,134
Hebei,366
Hebei,121
Hebei,134
Hebei,121
Hebei,130
Hebei,134
Hebei,366
Hebei,121
Hebei,134
Hebei,366
Hebei,121
Hebei,134
Hebei,366
Hebei,121
Hebei,134
Hebei,366
Hebei,121
Hebei,134
Hebei,366
Hebei,121
Heilongjiang,14
Heilongjiang,164
Heilongjiang,14
Heilongjiang,164
Heilongjiang,14
Heilongjiang,164
Heilongjiang,14
Heilongjiang,164
Heilongjiang,14
Heilongjiang,164
Heilongjiang,14
Heilongjiang,164
Heilongjiang,14
Heilongjiang,164
Heilongjiang,14
Heilongjiang,164
Heinan,114
Heinan,114
Heinan,114
Heinan,114
Heinan,114
Heinan,114
Heinan,114
Heinan,114
Henan,156
Henan,156
Henan,156
Henan,156
Henan,156
Henan,156
Henan,156
Henan,156
Henan,125
Henan,127
Henan,127
Henan,125
Henan,127
Henan,127
Henan,125
Henan,127
Henan,127
Henan,140
Henan,125
Henan,127
Henan,127
Henan,125
Henan,127
Henan,127
Henan,125
Henan,127
Henan,127
Henan,125
Henan,127
Henan,127
Henan,125
Henan,127
Henan,127
Heyuan,206
Heyuan,206
Heyuan,206
Heyuan,206
Heyuan,206
Heyuan,206
Heyuan,206
Heyuan,206
Huai'an,15
Huai'an,36
Huai'an,15
Huai'an,36
Huai'an,41
Huai'an,35
Huai'an,15
Huai'an,36
Huai'an,15
Huai'an,36
Huai'an,36
Huai'an,41
Huai'an,15
Huai'an,35
Huai'an,15
Huai'an,36
Huai'an,15
Huai'an,36
Huai'an,15
Huai'an,36
Hubei,65
Hubei,65
Hubei,65
Hubei,65
Hubei,65
Hubei,65
Hubei,65
Hubei,65
Hubei,59
Huizhou,10
Huizhou,363
Huizhou,10
Huizhou,363
Huizhou,10
Huizhou,363
Huizhou,10
Huizhou,363
Huizhou,10
Huizhou,363
Huizhou,10
Huizhou,363
Huizhou,10
Huizhou,363
Huizhou,10
Huizhou,363
Huizhou,363
Huizhou,4
Huizhou,363
Huizhou,4
Huizhou,39
Huizhou,363
Huizhou,4
Huizhou,363
Huizhou,4
Huizhou,39
Huizhou,363
Huizhou,4
Huizhou,363
Huizhou,4
Huizhou,363
Huizhou,4
Huizhou,363
Huizhou,4
Hunan,104
Hunan,104
Hunan,38
Hunan,38
Hunan,104
Hunan,104
Hunan,38
Hunan,38
Hunan,104
Hunan,104
Hunan,38
Hunan,38
Hunan,104
Hunan,104
Hunan,38
Hunan,38
Hunan,104
Hunan,104
Hunan,38
Hunan,38
Hunan,104
Hunan,104
Hunan,38
Hunan,38
Hunan,104
Hunan,104
Hunan,38
Hunan,38
Hunan,104
Hunan,104
Hunan,38
Hunan,38
Hunan,49
Hunan,49
Hunan,28
Hunan,140
Hunan,49
Hunan,49
Hunan,28
Hunan,140
Hunan,49
Hunan,49
Hunan,28
Hunan,140
Hunan,49
Hunan,49
Hunan,28
Hunan,140
Hunan,49
Hunan,49
Hunan,28
Hunan,140
Hunan,49
Hunan,49
Hunan,28
Hunan,140
Hunan,49
Hunan,49
Hunan,28
Hunan,140
Hunan,49
Hunan,49
Hunan,28
Hunan,140
Hunan,80
Hunan,70
Hunan,70
Hunan,58
Hunan,51
Hunan,51
Hunan,80
Hunan,70
Hunan,70
Hunan,58
Hunan,51
Hunan,51
Hunan,80
Hunan,70
Hunan,70
Hunan,58
Hunan,51
Hunan,51
Hunan,313
Hunan,80
Hunan,70
Hunan,70
Hunan,58
Hunan,51
Hunan,51
Hunan,80
Hunan,70
Hunan,70
Hunan,58
Hunan,51
Hunan,51
Hunan,80
Hunan,70
Hunan,70
Hunan,58
Hunan,51
Hunan,51
Hunan,80
Hunan,70
Hunan,70
Hunan,58
Hunan,51
Hunan,51
Hunan,80
Hunan,70
Hunan,70
Hunan,58
Hunan,51
Hunan,51
Huzhou,98
Huzhou,98
Huzhou,98
Huzhou,98
Huzhou,297
Huzhou,297
Huzhou,297
Huzhou,297
Huzhou,297
Huzhou,297
Huzhou,297
Huzhou,297
Huzhou,297
Huzhou,297
Huzhou,297
Huzhou,297
Huzhou,297
Huzhou,297
Huzhou,297
Huzhou,297
Huzhou,297
Huzhou,297
Huzhou,297
Huzhou,297
Huzhou,297
Huzhou,297
Huzhou,297
Huzhou,297
Huzhou,297
Huzhou,297
Huzhou,297
Huzhou,297
Huzhou,297
Huzhou,297
Huzhou,297
Huzhou,297
Huzhou,297
Huzhou,297
Huzhou,297
Huzhou,297
Huzhou,297
Huzhou,297
Huzhou,297
Huzhou,297
Huzhou,297
Huzhou,297
Huzhou,297
Huzhou,297
Huzhou,297
Huzhou,297
Huzhou,297
Huzhou,297
Huzhou,297
Huzhou,297
Huzhou,297
Huzhou,297
Huzhou,297
Huzhou,297
Huzhou,297
Huzhou,297
Huzhou,297
Huzhou,297
Huzhou,297
Huzhou,297
Huzhou,297
Huzhou,297
Huzhou,297
Huzhou,297
Huzhou,297
Huzhou,297
Huzhou,297
Huzhou,297
Huzhou,297
Huzhou,297
Huzhou,297
Huzhou,297
Huzhou,297
Huzhou,297
Huzhou,297
Huzhou,297
Huzhou,297
Huzhou,297
Huzhou,297
Huzhou,297
Huzhou,297
Huzhou,297
Huzhou,297
Huzhou,297
Huzhou,297
Huzhou,297
Huzhou,297
Huzhou,297
Huzhou,297
Huzhou,297
Huzhou,297
Huzhou,297
Huzhou,297
Huzhou,297
Huzhou,297
Inner_Mongolia,157
Inner_Mongolia,156
Inner_Mongolia,157
Inner_Mongolia,156
Inner_Mongolia,157
Inner_Mongolia,156
Inner_Mongolia,157
Inner_Mongolia,156
Inner_Mongolia,157
Inner_Mongolia,156
Inner_Mongolia,157
Inner_Mongolia,156
Inner_Mongolia,157
Inner_Mongolia,156
Inner_Mongolia,157
Inner_Mongolia,156
Jiangsu,106
Jiangsu,106
Jiangsu,106
Jiangsu,106
Jiangsu,106
Jiangsu,106
Jiangsu,106
Jiangsu,106
Jiangsu,91
Jiangsu,91
Jiangsu,106
Jiangsu,106
Jiangsu,106
Jiangsu,106
Jiangsu,106
Jiangsu,106
Jiangsu,106
Jiangsu,106
Jiangsu,106
Jiangsu,106
Jiangsu,106
Jiangsu,106
Jiangsu,106
Jiangsu,106
Jiangsu,106
Jiangsu,106
Jiangsu,106
Jiangsu,106
Jiangsu,106
Jiangsu,106
Jiangsu,106
Jiangsu,106
Jiangsu,106
Jiangsu,106
Jiangsu,364
Jiangsu,20
Jiangsu,364
Jiangsu,364
Jiangsu,9
Jiangsu,6
Jiangsu,364
Jiangsu,20
Jiangsu,364
Jiangsu,364
Jiangsu,9
Jiangsu,6
Jiangsu,364
Jiangsu,20
Jiangsu,364
Jiangsu,364
Jiangsu,9
Jiangsu,6
Jiangsu,310
Jiangsu,310
Jiangsu,310
Jiangsu,310
Jiangsu,118
Jiangsu,118
Jiangsu,118
Jiangsu,118
Jiangsu,118
Jiangsu,118
Jiangsu,118
Jiangsu,118
Jiangsu,118
Jiangsu,364
Jiangsu,20
Jiangsu,364
Jiangsu,364
Jiangsu,9
Jiangsu,6
Jiangsu,364
Jiangsu,20
Jiangsu,364
Jiangsu,364
Jiangsu,9
Jiangsu,6
Jiangsu,310
Jiangsu,310
Jiangsu,310
Jiangsu,310
Jiangsu,118
Jiangsu,118
Jiangsu,118
Jiangsu,118
Jiangsu,118
Jiangsu,118
Jiangsu,118
Jiangsu,118
Jiangsu,118
Jiangsu,364
Jiangsu,20
Jiangsu,364
Jiangsu,364
Jiangsu,9
Jiangsu,6
Jiangsu,364
Jiangsu,20
Jiangsu,364
Jiangsu,364
Jiangsu,9
Jiangsu,6
Jiangsu,364
Jiangsu,20
Jiangsu,364
Jiangsu,364
Jiangsu,9
Jiangsu,6
Jiangsu,122
Jiangsu,337
Jiangsu,337
Jiangsu,337
Jiangsu,113
Jiangsu,75
Jiangsu,75
Jiangsu,92
Jiangsu,73
Jiangsu,122
Jiangsu,337
Jiangsu,337
Jiangsu,337
Jiangsu,113
Jiangsu,75
Jiangsu,75
Jiangsu,92
Jiangsu,73
Jiangsu,122
Jiangsu,337
Jiangsu,337
Jiangsu,337
Jiangsu,6
Jiangsu,113
Jiangsu,75
Jiangsu,75
Jiangsu,92
Jiangsu,73
Jiangsu,122
Jiangsu,337
Jiangsu,337
Jiangsu,337
Jiangsu,113
Jiangsu,75
Jiangsu,75
Jiangsu,92
Jiangsu,73
Jiangsu,122
Jiangsu,337
Jiangsu,337
Jiangsu,337
Jiangsu,113
Jiangsu,75
Jiangsu,75
Jiangsu,92
Jiangsu,73
Jiangsu,119
Jiangsu,122
Jiangsu,337
Jiangsu,337
Jiangsu,337
Jiangsu,113
Jiangsu,75
Jiangsu,75
Jiangsu,92
Jiangsu,73
Jiangsu,122
Jiangsu,337
Jiangsu,337
Jiangsu,337
Jiangsu,113
Jiangsu,75
Jiangsu,75
Jiangsu,92
Jiangsu,73
Jiangsu,122
Jiangsu,337
Jiangsu,337
Jiangsu,337
Jiangsu,113
Jiangsu,75
Jiangsu,75
Jiangsu,92
Jiangsu,73
Jiangsu,66
Jiangsu,58
Jiangsu,51
Jiangsu,16
Jiangsu,16
Jiangsu,16
Jiangsu,19
Jiangsu,11
Jiangsu,11
Jiangsu,341
Jiangsu,120
Jiangsu,63
Jiangsu,63
Jiangsu,78
Jiangsu,81
Jiangsu,76
Jiangsu,75
Jiangsu,75
Jiangsu,71
Jiangsu,71
Jiangsu,17
Jiangsu,314
Jiangsu,66
Jiangsu,58
Jiangsu,51
Jiangsu,16
Jiangsu,16
Jiangsu,16
Jiangsu,19
Jiangsu,11
Jiangsu,11
Jiangsu,341
Jiangsu,120
Jiangsu,63
Jiangsu,63
Jiangsu,78
Jiangsu,81
Jiangsu,76
Jiangsu,75
Jiangsu,75
Jiangsu,71
Jiangsu,71
Jiangsu,17
Jiangsu,314
Jiangsu,66
Jiangsu,58
Jiangsu,51
Jiangsu,2
Jiangsu,17
Jiangsu,314
Jiangsu,38
Jiangsu,66
Jiangsu,58
Jiangsu,51
Jiangsu,16
Jiangsu,16
Jiangsu,16
Jiangsu,19
Jiangsu,11
Jiangsu,11
Jiangsu,341
Jiangsu,120
Jiangsu,63
Jiangsu,63
Jiangsu,78
Jiangsu,81
Jiangsu,76
Jiangsu,75
Jiangsu,75
Jiangsu,71
Jiangsu,71
Jiangsu,17
Jiangsu,314
Jiangsu,66
Jiangsu,58
Jiangsu,51
Jiangsu,81
Jiangsu,76
Jiangsu,75
Jiangsu,75
Jiangsu,71
Jiangsu,71
Jiangsu,16
Jiangsu,16
Jiangsu,16
Jiangsu,19
Jiangsu,11
Jiangsu,11
Jiangsu,341
Jiangsu,120
Jiangsu,63
Jiangsu,63
Jiangsu,78
Jiangsu,17
Jiangsu,314
Jiangsu,66
Jiangsu,58
Jiangsu,51
Jiangsu,11
Jiangsu,11
Jiangsu,341
Jiangsu,120
Jiangsu,63
Jiangsu,63
Jiangsu,78
Jiangsu,81
Jiangsu,76
Jiangsu,75
Jiangsu,75
Jiangsu,71
Jiangsu,71
Jiangsu,16
Jiangsu,16
Jiangsu,16
Jiangsu,19
Jiangsu,17
Jiangsu,314
Jiangsu,66
Jiangsu,58
Jiangsu,51
Jiangsu,16
Jiangsu,16
Jiangsu,16
Jiangsu,19
Jiangsu,11
Jiangsu,11
Jiangsu,341
Jiangsu,120
Jiangsu,63
Jiangsu,63
Jiangsu,78
Jiangsu,81
Jiangsu,76
Jiangsu,75
Jiangsu,75
Jiangsu,71
Jiangsu,71
Jiangsu,17
Jiangsu,314
Jiangsu,66
Jiangsu,58
Jiangsu,51
Jiangsu,11
Jiangsu,11
Jiangsu,341
Jiangsu,120
Jiangsu,63
Jiangsu,63
Jiangsu,78
Jiangsu,81
Jiangsu,76
Jiangsu,75
Jiangsu,75
Jiangsu,71
Jiangsu,71
Jiangsu,16
Jiangsu,16
Jiangsu,16
Jiangsu,19
Jiangsu,17
Jiangsu,314
Jiangxi,123
Jiangxi,123
Jiangxi,123
Jiangxi,123
Jiangxi,123
Jiangxi,123
Jiangxi,49
Jiangxi,49
Jiangxi,49
Jiangxi,49
Jiangxi,49
Jiangxi,49
Jiangxi,49
Jiangxi,49
Jiangxi,49
Jiangxi,49
Jiangxi,49
Jiangxi,49
Jiangxi,49
Jiangxi,49
Jiangxi,49
Jiangxi,49
Jiangxi,49
Jiangxi,49
Jiangxi,49
Jiangxi,49
Jiangxi,49
Jiangxi,49
Jiangxi,49
Jiangxi,49
Jiangxi,49
Jiangxi,49
Jiangxi,49
Jiangxi,49
Jiangxi,49
Jiangxi,49
Jiangxi,49
Jiangxi,49
Jiangxi,49
Jiangxi,49
Jiangxi,47
Jiangxi,47
Jiangxi,47
Jiangxi,47
Jiangxi,47
Jiangxi,47
Jiangxi,97
Jiangxi,97
Jiangxi,97
Jiangxi,97
Jiangxi,123
Jiangxi,123
Jiangxi,75
Jiangxi,75
Jiangxi,75
Jiangxi,75
Jiangxi,75
Jiangxi,75
Jiangxi,47
Jiangxi,47
Jiangxi,101
Jiangxi,101
Jiangxi,101
Jiangxi,101
Jiangxi,101
Jiangxi,101
Jiangxi,101
Jiangxi,101
Jiangxi,101
Jiangxi,101
Jiangxi,47
Jiangxi,75
Jiangxi,89
Jiangxi,89
Jiangxi,89
Jiangxi,89
Jiangxi,89
Jiangxi,89
Jiangxi,75
Jiangxi,89
Jiangxi,89
Jiangxi,81
Jiangxi,75
Jiangxi,75
Jiangxi,75
Jiangxi,75
Jiangxi,75
Jiangxi,75
Jiangxi,75
Jiangxi,75
Jiangxi,75
Jiangxi,75
Jiangxi,97
Jiangxi,49
Jiangxi,49
Jiangxi,47
Jiangxi,47
Jiangxi,47
Jiangxi,47
Jiangxi,47
Jiangxi,47
Jiangxi,97
Jiangxi,97
Jiangxi,97
Jiangxi,97
Jiangxi,75
Jiangxi,75
Jiangxi,75
Jiangxi,75
Jiangxi,75
Jiangxi,75
Jiangxi,75
Jiangxi,47
Jiangxi,47
Jiangxi,101
Jiangxi,101
Jiangxi,101
Jiangxi,101
Jiangxi,101
Jiangxi,101
Jiangxi,101
Jiangxi,101
Jiangxi,101
Jiangxi,101
Jiangxi,47
Jiangxi,75
Jiangxi,89
Jiangxi,89
Jiangxi,89
Jiangxi,89
Jiangxi,89
Jiangxi,89
Jiangxi,75
Jiangxi,89
Jiangxi,89
Jiangxi,81
Jiangxi,75
Jiangxi,75
Jiangxi,75
Jiangxi,75
Jiangxi,75
Jiangxi,75
Jiangxi,75
Jiangxi,75
Jiangxi,75
Jiangxi,75
Jiangxi,97
Jiangxi,49
Jiangxi,49
Jiangxi,47
Jiangxi,47
Jiangxi,47
Jiangxi,47
Jiangxi,47
Jiangxi,47
Jiangxi,97
Jiangxi,97
Jiangxi,97
Jiangxi,97
Jiangxi,75
Jiangxi,75
Jiangxi,75
Jiangxi,75
Jiangxi,75
Jiangxi,75
Jiangxi,47
Jiangxi,47
Jiangxi,101
Jiangxi,101
Jiangxi,101
Jiangxi,101
Jiangxi,101
Jiangxi,101
Jiangxi,101
Jiangxi,101
Jiangxi,101
Jiangxi,101
Jiangxi,47
Jiangxi,75
Jiangxi,89
Jiangxi,89
Jiangxi,89
Jiangxi,89
Jiangxi,89
Jiangxi,89
Jiangxi,75
Jiangxi,89
Jiangxi,89
Jiangxi,81
Jiangxi,75
Jiangxi,75
Jiangxi,75
Jiangxi,75
Jiangxi,75
Jiangxi,75
Jiangxi,75
Jiangxi,75
Jiangxi,75
Jiangxi,75
Jiangxi,97
Jiangxi,49
Jiangxi,49
Jiangxi,47
Jiangxi,47
Jiangxi,47
Jiangxi,47
Jiangxi,47
Jiangxi,47
Jiangxi,97
Jiangxi,97
Jiangxi,97
Jiangxi,97
Jiangxi,75
Jiangxi,75
Jiangxi,75
Jiangxi,75
Jiangxi,75
Jiangxi,75
Jiangxi,47
Jiangxi,47
Jiangxi,101
Jiangxi,101
Jiangxi,101
Jiangxi,101
Jiangxi,101
Jiangxi,101
Jiangxi,101
Jiangxi,101
Jiangxi,101
Jiangxi,101
Jiangxi,47
Jiangxi,75
Jiangxi,89
Jiangxi,89
Jiangxi,89
Jiangxi,89
Jiangxi,89
Jiangxi,89
Jiangxi,75
Jiangxi,89
Jiangxi,89
Jiangxi,81
Jiangxi,75
Jiangxi,75
Jiangxi,75
Jiangxi,75
Jiangxi,75
Jiangxi,75
Jiangxi,75
Jiangxi,75
Jiangxi,75
Jiangxi,75
Jiangxi,97
Jiangxi,49
Jiangxi,49
Jiangxi,47
Jiangxi,47
Jiangxi,47
Jiangxi,47
Jiangxi,47
Jiangxi,47
Jiangxi,97
Jiangxi,97
Jiangxi,97
Jiangxi,97
Jiangxi,75
Jiangxi,75
Jiangxi,75
Jiangxi,75
Jiangxi,75
Jiangxi,75
Jiangxi,47
Jiangxi,47
Jiangxi,101
Jiangxi,101
Jiangxi,101
Jiangxi,101
Jiangxi,101
Jiangxi,101
Jiangxi,101
Jiangxi,101
Jiangxi,101
Jiangxi,101
Jiangxi,47
Jiangxi,75
Jiangxi,89
Jiangxi,89
Jiangxi,89
Jiangxi,89
Jiangxi,89
Jiangxi,89
Jiangxi,75
Jiangxi,89
Jiangxi,89
Jiangxi,81
Jiangxi,75
Jiangxi,75
Jiangxi,75
Jiangxi,75
Jiangxi,75
Jiangxi,75
Jiangxi,75
Jiangxi,75
Jiangxi,75
Jiangxi,75
Jiangxi,97
Jiangxi,49
Jiangxi,49
Jiangxi,47
Jiangxi,47
Jiangxi,47
Jiangxi,47
Jiangxi,47
Jiangxi,47
Jiangxi,97
Jiangxi,97
Jiangxi,97
Jiangxi,97
Jiangxi,75
Jiangxi,75
Jiangxi,75
Jiangxi,75
Jiangxi,75
Jiangxi,75
Jiangxi,47
Jiangxi,47
Jiangxi,101
Jiangxi,101
Jiangxi,101
Jiangxi,101
Jiangxi,101
Jiangxi,101
Jiangxi,101
Jiangxi,101
Jiangxi,101
Jiangxi,101
Jiangxi,47
Jiangxi,75
Jiangxi,89
Jiangxi,89
Jiangxi,89
Jiangxi,89
Jiangxi,89
Jiangxi,89
Jiangxi,75
Jiangxi,89
Jiangxi,89
Jiangxi,81
Jiangxi,75
Jiangxi,75
Jiangxi,75
Jiangxi,75
Jiangxi,75
Jiangxi,75
Jiangxi,75
Jiangxi,75
Jiangxi,75
Jiangxi,75
Jiangxi,97
Jiangxi,47
Jiangxi,47
Jiangxi,47
Jiangxi,49
Jiangxi,49
Jiangxi,47
Jiangxi,47
Jiangxi,47
Jiangxi,97
Jiangxi,97
Jiangxi,97
Jiangxi,97
Jiangxi,166
Jiangxi,166
Jiangxi,166
Jiangxi,166
Jiangxi,166
Jiangxi,158
Jiangxi,125
Jiangxi,117
Jiangxi,110
Jiangxi,110
Jiangxi,110
Jiangxi,110
Jiangxi,110
Jiangxi,110
Jiangxi,110
Jiangxi,110
Jiangxi,103
Jiangxi,103
Jiangxi,96
Jiangxi,96
Jiangxi,96
Jiangxi,96
Jiangxi,96
Jiangxi,96
Jiangxi,96
Jiangxi,96
Jiangxi,96
Jiangxi,96
Jiangxi,96
Jiangxi,96
Jiangxi,96
Jiangxi,96
Jiangxi,89
Jiangxi,89
Jiangxi,89
Jiangxi,75
Jiangxi,75
Jiangxi,75
Jiangxi,75
Jiangxi,75
Jiangxi,75
Jiangxi,75
Jiangxi,75
Jiangxi,75
Jiangxi,75
Jiangxi,75
Jiangxi,75
Jiangxi,75
Jiangxi,75
Jiangxi,75
Jiangxi,75
Jiangxi,47
Jiangxi,47
Jiangxi,101
Jiangxi,101
Jiangxi,101
Jiangxi,101
Jiangxi,101
Jiangxi,101
Jiangxi,101
Jiangxi,101
Jiangxi,101
Jiangxi,101
Jiangxi,47
Jiangxi,75
Jiangxi,89
Jiangxi,89
Jiangxi,89
Jiangxi,89
Jiangxi,89
Jiangxi,89
Jiangxi,75
Jiangxi,89
Jiangxi,89
Jiangxi,81
Jiangxi,75
Jiangxi,75
Jiangxi,75
Jiangxi,75
Jiangxi,75
Jiangxi,75
Jiangxi,75
Jiangxi,75
Jiangxi,75
Jiangxi,75
Jiangxi,97
Jiangxi,75
Jiangxi,75
Jiangxi,75
Jiangxi,75
Jiangxi,75
Jiangxi,75
Jiangxi,75
Jiangxi,47
Jiangxi,47
Jiangxi,101
Jiangxi,101
Jiangxi,101
Jiangxi,101
Jiangxi,101
Jiangxi,101
Jiangxi,101
Jiangxi,101
Jiangxi,101
Jiangxi,101
Jiangxi,47
Jiangxi,75
Jiangxi,89
Jiangxi,89
Jiangxi,89
Jiangxi,89
Jiangxi,89
Jiangxi,89
Jiangxi,75
Jiangxi,89
Jiangxi,89
Jiangxi,81
Jiangxi,75
Jiangxi,75
Jiangxi,75
Jiangxi,75
Jiangxi,75
Jiangxi,75
Jiangxi,75
Jiangxi,75
Jiangxi,75
Jiangxi,75
Jiangxi,97
Jiangxi,49
Jiangxi,49
Jiangxi,47
Jiangxi,47
Jiangxi,47
Jiangxi,47
Jiangxi,47
Jiangxi,47
Jiangxi,97
Jiangxi,97
Jiangxi,97
Jiangxi,97
Jiangxi,49
Jiangxi,49
Jiangxi,49
Jiangxi,49
Jiangxi,49
Jiangxi,49
Jiangxi,49
Jiangxi,49
Jiangxi,49
Jiangxi,49
Jiangxi,49
Jiangxi,49
Jiangxi,49
Jiangxi,49
Jiangxi,49
Jiangxi,49
Jiangxi,49
Jiangxi,49
Jiangxi,49
Jiangxi,49
Jiangxi,49
Jiangxi,49
Jiangxi,49
Jiangxi,49
Jiangxi,49
Jiangxi,49
Jiangxi,49
Jiangxi,49
Jiangxi,49
Jiangxi,49
Jiangxi,49
Jiangxi,49
Jiangxi,166
Jiangxi,166
Jiangxi,166
Jiangxi,166
Jiangxi,166
Jiangxi,158
Jiangxi,125
Jiangxi,117
Jiangxi,110
Jiangxi,110
Jiangxi,110
Jiangxi,110
Jiangxi,110
Jiangxi,110
Jiangxi,110
Jiangxi,110
Jiangxi,103
Jiangxi,103
Jiangxi,96
Jiangxi,96
Jiangxi,96
Jiangxi,96
Jiangxi,96
Jiangxi,96
Jiangxi,96
Jiangxi,96
Jiangxi,96
Jiangxi,96
Jiangxi,96
Jiangxi,96
Jiangxi,96
Jiangxi,96
Jiangxi,89
Jiangxi,89
Jiangxi,89
Jiangxi,75
Jiangxi,75
Jiangxi,75
Jiangxi,75
Jiangxi,75
Jiangxi,75
Jiangxi,75
Jiangxi,75
Jiangxi,75
Jiangxi,75
Jiangxi,49
Jiangxi,49
Jiangxi,49
Jiangxi,49
Jiangxi,49
Jiangxi,49
Jiangxi,49
Jiangxi,49
Jiangxi,49
Jiangxi,49
Jiangxi,49
Jiangxi,49
Jiangxi,49
Jiangxi,49
Jiangxi,49
Jiangxi,49
Jiangxi,49
Jiangxi,49
Jiangxi,49
Jiangxi,49
Jiangxi,49
Jiangxi,49
Jiangxi,49
Jiangxi,49
Jiangxi,49
Jiangxi,49
Jiangxi,49
Jiangxi,49
Jiangxi,49
Jiangxi,49
Jiangxi,49
Jiangxi,49
Jiangxi,166
Jiangxi,166
Jiangxi,166
Jiangxi,166
Jiangxi,166
Jiangxi,158
Jiangxi,125
Jiangxi,117
Jiangxi,110
Jiangxi,110
Jiangxi,110
Jiangxi,110
Jiangxi,110
Jiangxi,110
Jiangxi,110
Jiangxi,110
Jiangxi,103
Jiangxi,103
Jiangxi,96
Jiangxi,96
Jiangxi,96
Jiangxi,96
Jiangxi,96
Jiangxi,96
Jiangxi,96
Jiangxi,96
Jiangxi,96
Jiangxi,96
Jiangxi,96
Jiangxi,96
Jiangxi,96
Jiangxi,96
Jiangxi,89
Jiangxi,89
Jiangxi,89
Jiangxi,75
Jiangxi,75
Jiangxi,75
Jiangxi,75
Jiangxi,75
Jiangxi,75
Jiangxi,75
Jiangxi,75
Jiangxi,75
Jiangxi,49
Jiangxi,49
Jiangxi,49
Jiangxi,49
Jiangxi,49
Jiangxi,49
Jiangxi,49
Jiangxi,49
Jiangxi,49
Jiangxi,49
Jiangxi,49
Jiangxi,49
Jiangxi,49
Jiangxi,49
Jiangxi,49
Jiangxi,49
Jiangxi,49
Jiangxi,49
Jiangxi,49
Jiangxi,49
Jiangxi,49
Jiangxi,49
Jiangxi,49
Jiangxi,49
Jiangxi,49
Jiangxi,49
Jiangxi,49
Jiangxi,49
Jiangxi,49
Jiangxi,49
Jiangxi,49
Jiangxi,49
Jiangxi,166
Jiangxi,166
Jiangxi,166
Jiangxi,166
Jiangxi,166
Jiangxi,158
Jiangxi,125
Jiangxi,117
Jiangxi,110
Jiangxi,110
Jiangxi,110
Jiangxi,110
Jiangxi,110
Jiangxi,110
Jiangxi,110
Jiangxi,110
Jiangxi,103
Jiangxi,103
Jiangxi,96
Jiangxi,96
Jiangxi,96
Jiangxi,96
Jiangxi,96
Jiangxi,96
Jiangxi,96
Jiangxi,96
Jiangxi,96
Jiangxi,96
Jiangxi,96
Jiangxi,96
Jiangxi,96
Jiangxi,96
Jiangxi,89
Jiangxi,89
Jiangxi,89
Jiangxi,75
Jiangxi,75
Jiangxi,75
Jiangxi,75
Jiangxi,75
Jiangxi,75
Jiangxi,75
Jiangxi,75
Jiangxi,75
Jiangxi,75
Jiangxi,49
Jiangxi,49
Jiangxi,49
Jiangxi,49
Jiangxi,49
Jiangxi,49
Jiangxi,49
Jiangxi,49
Jiangxi,49
Jiangxi,49
Jiangxi,49
Jiangxi,49
Jiangxi,49
Jiangxi,49
Jiangxi,49
Jiangxi,49
Jiangxi,49
Jiangxi,49
Jiangxi,49
Jiangxi,49
Jiangxi,49
Jiangxi,49
Jiangxi,49
Jiangxi,49
Jiangxi,49
Jiangxi,49
Jiangxi,49
Jiangxi,49
Jiangxi,49
Jiangxi,49
Jiangxi,49
Jiangxi,49
Jiangxi,166
Jiangxi,166
Jiangxi,166
Jiangxi,166
Jiangxi,166
Jiangxi,158
Jiangxi,125
Jiangxi,117
Jiangxi,110
Jiangxi,110
Jiangxi,110
Jiangxi,110
Jiangxi,110
Jiangxi,110
Jiangxi,110
Jiangxi,110
Jiangxi,103
Jiangxi,103
Jiangxi,96
Jiangxi,96
Jiangxi,96
Jiangxi,96
Jiangxi,96
Jiangxi,96
Jiangxi,96
Jiangxi,96
Jiangxi,96
Jiangxi,96
Jiangxi,96
Jiangxi,96
Jiangxi,96
Jiangxi,96
Jiangxi,89
Jiangxi,89
Jiangxi,89
Jiangxi,75
Jiangxi,75
Jiangxi,75
Jiangxi,75
Jiangxi,75
Jiangxi,75
Jiangxi,75
Jiangxi,75
Jiangxi,75
Jiangxi,75
Jiangxi,49
Jiangxi,49
Jiangxi,49
Jiangxi,49
Jiangxi,49
Jiangxi,49
Jiangxi,49
Jiangxi,49
Jiangxi,49
Jiangxi,49
Jiangxi,49
Jiangxi,49
Jiangxi,49
Jiangxi,49
Jiangxi,49
Jiangxi,49
Jiangxi,49
Jiangxi,49
Jiangxi,49
Jiangxi,49
Jiangxi,49
Jiangxi,49
Jiangxi,49
Jiangxi,49
Jiangxi,49
Jiangxi,49
Jiangxi,49
Jiangxi,49
Jiangxi,49
Jiangxi,49
Jiangxi,49
Jiangxi,49
Jiangxi,166
Jiangxi,166
Jiangxi,166
Jiangxi,166
Jiangxi,166
Jiangxi,158
Jiangxi,125
Jiangxi,117
Jiangxi,110
Jiangxi,110
Jiangxi,110
Jiangxi,110
Jiangxi,110
Jiangxi,110
Jiangxi,103
Jiangxi,110
Jiangxi,110
Jiangxi,103
Jiangxi,96
Jiangxi,96
Jiangxi,96
Jiangxi,96
Jiangxi,96
Jiangxi,96
Jiangxi,96
Jiangxi,96
Jiangxi,96
Jiangxi,96
Jiangxi,96
Jiangxi,96
Jiangxi,96
Jiangxi,96
Jiangxi,89
Jiangxi,89
Jiangxi,89
Jiangxi,75
Jiangxi,75
Jiangxi,75
Jiangxi,75
Jiangxi,75
Jiangxi,75
Jiangxi,75
Jiangxi,75
Jiangxi,75
Jiangxi,75
Jiangxi,49
Jiangxi,49
Jiangxi,49
Jiangxi,49
Jiangxi,49
Jiangxi,49
Jiangxi,49
Jiangxi,49
Jiangxi,49
Jiangxi,49
Jiangxi,49
Jiangxi,49
Jiangxi,49
Jiangxi,49
Jiangxi,49
Jiangxi,49
Jiangxi,49
Jiangxi,49
Jiangxi,49
Jiangxi,49
Jiangxi,49
Jiangxi,49
Jiangxi,49
Jiangxi,49
Jiangxi,49
Jiangxi,49
Jiangxi,49
Jiangxi,49
Jiangxi,49
Jiangxi,49
Jiangxi,49
Jiangxi,49
Jiangxi,166
Jiangxi,166
Jiangxi,166
Jiangxi,166
Jiangxi,166
Jiangxi,158
Jiangxi,125
Jiangxi,117
Jiangxi,110
Jiangxi,110
Jiangxi,110
Jiangxi,110
Jiangxi,110
Jiangxi,110
Jiangxi,110
Jiangxi,110
Jiangxi,103
Jiangxi,103
Jiangxi,96
Jiangxi,96
Jiangxi,96
Jiangxi,96
Jiangxi,96
Jiangxi,96
Jiangxi,96
Jiangxi,96
Jiangxi,96
Jiangxi,96
Jiangxi,96
Jiangxi,96
Jiangxi,96
Jiangxi,96
Jiangxi,89
Jiangxi,89
Jiangxi,89
Jiangxi,75
Jiangxi,75
Jiangxi,75
Jiangxi,75
Jiangxi,75
Jiangxi,75
Jiangxi,75
Jiangxi,75
Jiangxi,75
Jiangxi,75
Jiangxi,49
Jiangxi,49
Jiangxi,49
Jiangxi,49
Jiangxi,49
Jiangxi,49
Jiangxi,49
Jiangxi,49
Jiangxi,49
Jiangxi,49
Jiangxi,49
Jiangxi,49
Jiangxi,49
Jiangxi,49
Jiangxi,49
Jiangxi,49
Jiangxi,49
Jiangxi,49
Jiangxi,49
Jiangxi,49
Jiangxi,49
Jiangxi,49
Jiangxi,49
Jiangxi,49
Jiangxi,49
Jiangxi,49
Jiangxi,49
Jiangxi,49
Jiangxi,49
Jiangxi,49
Jiangxi,49
Jiangxi,49
Jiangxi,166
Jiangxi,166
Jiangxi,166
Jiangxi,166
Jiangxi,166
Jiangxi,158
Jiangxi,125
Jiangxi,117
Jiangxi,110
Jiangxi,110
Jiangxi,110
Jiangxi,110
Jiangxi,110
Jiangxi,110
Jiangxi,110
Jiangxi,110
Jiangxi,103
Jiangxi,103
Jiangxi,96
Jiangxi,96
Jiangxi,96
Jiangxi,96
Jiangxi,96
Jiangxi,96
Jiangxi,96
Jiangxi,96
Jiangxi,96
Jiangxi,96
Jiangxi,96
Jiangxi,96
Jiangxi,96
Jiangxi,96
Jiangxi,89
Jiangxi,89
Jiangxi,89
Jiangxi,75
Jiangxi,75
Jiangxi,75
Jiangxi,75
Jiangxi,75
Jiangxi,75
Jiangxi,75
Jiangxi,75
Jiangxi,75
Jiangxi,91
Jiangxi,91
Jiangxi,91
Jiangxi,91
Jiangxi,91
Jiangxi,91
Jiangxi,91
Jiangxi,91
Jiangxi,91
Jiangxi,91
Jiangxi,91
Jiangxi,91
Jiangxi,91
Jiangxi,91
Jiangxi,91
Jiangxi,91
Jiangxi,91
Jiangxi,91
Jiangxi,91
Jiangxi,91
Jiangxi,91
Jiangxi,91
Jiangxi,91
Jiangxi,91
Jiangxi,48
Jiangxi,47
Jiangxi,48
Jiangxi,47
Jiangxi,48
Jiangxi,47
Jiangxi,48
Jiangxi,47
Jiangxi,48
Jiangxi,47
Jiangxi,48
Jiangxi,47
Jiangxi,48
Jiangxi,47
Jiangxi,48
Jiangxi,47
Jiangxi,21
Jiangxi,331
Jiangxi,86
Jiangxi,85
Jiangxi,83
Jiangxi,331
Jiangxi,86
Jiangxi,85
Jiangxi,83
Jiangxi,331
Jiangxi,86
Jiangxi,85
Jiangxi,83
Jiangxi,21
Jiangxi,331
Jiangxi,86
Jiangxi,85
Jiangxi,83
Jiangxi,21
Jiangxi,331
Jiangxi,86
Jiangxi,85
Jiangxi,83
Jiangxi,21
Jiangxi,331
Jiangxi,86
Jiangxi,85
Jiangxi,83
Jiangxi,21
Jiangxi,331
Jiangxi,86
Jiangxi,85
Jiangxi,83
Jiangxi,331
Jiangxi,86
Jiangxi,85
Jiangxi,83
Jiaxing,298
Jiaxing,298
Jiaxing,298
Jiaxing,298
Jiaxing,298
Jiaxing,298
Jiaxing,298
Jiaxing,298
Jilin,52
Jilin,52
Jilin,52
Jilin,51
Jilin,51
Jilin,52
Jilin,52
Jilin,52
Jilin,52
Jilin,51
Jilin,51
Jilin,52
Jilin,52
Jilin,52
Jilin,52
Jilin,51
Jilin,51
Jilin,52
Jilin,52
Jilin,52
Jilin,52
Jilin,51
Jilin,51
Jilin,52
Jilin,52
Jilin,52
Jilin,52
Jilin,51
Jilin,51
Jilin,52
Jilin,52
Jilin,52
Jilin,52
Jilin,51
Jilin,51
Jilin,52
Jilin,52
Jilin,52
Jilin,52
Jilin,51
Jilin,51
Jilin,52
Jilin,52
Jilin,52
Jilin,52
Jilin,51
Jilin,51
Jilin,52
Jilin,106
Jilin,106
Jilin,106
Jilin,106
Jilin,106
Jilin,106
Jilin,106
Jilin,106
Liaoning,135
Liaoning,63
Liaoning,132
Liaoning,6
Liaoning,135
Liaoning,63
Liaoning,132
Liaoning,6
Liaoning,135
Liaoning,63
Liaoning,132
Liaoning,6
Liaoning,135
Liaoning,63
Liaoning,132
Liaoning,6
Liaoning,135
Liaoning,63
Liaoning,132
Liaoning,6
Liaoning,135
Liaoning,63
Liaoning,132
Liaoning,6
Liaoning,135
Liaoning,63
Liaoning,132
Liaoning,6
Liaoning,135
Liaoning,63
Liaoning,132
Liaoning,6
Liaoning,9
Liaoning,9
Liaoning,257
Liaoning,9
Liaoning,9
Liaoning,9
Liaoning,9
Liaoning,9
Longquan,30
Longquan,30
Longquan,30
Longquan,30
Longquan,30
Longquan,30
Longquan,30
Longquan,30
Nanjing,99
Nanjing,99
Nanjing,99
Nanjing,99
Nanjing,99
Nanjing,99
Nanjing,99
Nanjing,99
Nanjing,99
Nanjing,99
Nanjing,99
Nanjing,99
Nanjing,99
Nanjing,99
Nanjing,99
Nanjing,99
Ningxia,136
Ningxia,136
Ningxia,136
Ningxia,103
Ningxia,136
Ningxia,136
Ningxia,136
Ningxia,136
Ningxia,136
Quzhou,55
Quzhou,55
Quzhou,55
Quzhou,55
Quzhou,55
Shaanxi,57
Shaanxi,147
Shaanxi,57
Shaanxi,147
Shaanxi,57
Shaanxi,147
Shaanxi,57
Shaanxi,147
Shaanxi,57
Shaanxi,147
Shaanxi,57
Shaanxi,147
Shaanxi,57
Shaanxi,147
Shaanxi,57
Shaanxi,147
Shandong,125
Shandong,125
Shandong,93
Shandong,41
Shandong,125
Shandong,125
Shandong,93
Shandong,41
Shandong,125
Shandong,125
Shandong,93
Shandong,41
Shandong,32
Shandong,125
Shandong,125
Shandong,93
Shandong,41
Shandong,125
Shandong,125
Shandong,93
Shandong,41
Shandong,32
Shandong,125
Shandong,125
Shandong,93
Shandong,41
Shandong,125
Shandong,125
Shandong,93
Shandong,41
Shandong,125
Shandong,125
Shandong,93
Shandong,41
Shandong,349
Shandong,83
Shandong,75
Shandong,349
Shandong,83
Shandong,75
Shandong,114
Shandong,349
Shandong,83
Shandong,75
Shandong,349
Shandong,83
Shandong,75
Shandong,349
Shandong,83
Shandong,75
Shandong,349
Shandong,83
Shandong,75
Shandong,349
Shandong,83
Shandong,75
Shanghai,21
Shanghai,93
Shanghai,93
Shanghai,93
Shanghai,93
Shanghai,93
Shanghai,93
Shanghai,93
Shanghai,93
Shanghai,93
Shanghai,93
Shanghai,21
Shanghai,93
Shanghai,93
Shanghai,93
Shanghai,93
Shanghai,93
Shanghai,93
Shanghai,93
Shanghai,93
Shanghai,93
Shanghai,93
Shanghai,21
Shanghai,93
Shanghai,93
Shanghai,93
Shanghai,93
Shanghai,93
Shanghai,93
Shanghai,93
Shanghai,93
Shanghai,93
Shanghai,93
Shanghai,21
Shanghai,93
Shanghai,93
Shanghai,93
Shanghai,93
Shanghai,93
Shanghai,93
Shanghai,93
Shanghai,93
Shanghai,93
Shanghai,93
Shanghai,21
Shanghai,93
Shanghai,93
Shanghai,93
Shanghai,93
Shanghai,93
Shanghai,93
Shanghai,93
Shanghai,93
Shanghai,93
Shanghai,93
Shanghai,21
Shanghai,93
Shanghai,93
Shanghai,93
Shanghai,93
Shanghai,93
Shanghai,93
Shanghai,93
Shanghai,93
Shanghai,93
Shanghai,93
Shanghai,21
Shanghai,93
Shanghai,93
Shanghai,93
Shanghai,93
Shanghai,93
Shanghai,93
Shanghai,93
Shanghai,93
Shanghai,93
Shanghai,93
Shanghai,21
Shanghai,93
Shanghai,93
Shanghai,93
Shanghai,93
Shanghai,93
Shanghai,93
Shanghai,93
Shanghai,93
Shanghai,93
Shanghai,93
Shanghai,46
Shanghai,46
Shanghai,136
Shanghai,136
Shanghai,136
Shanghai,136
Shanghai,136
Shanghai,46
Shanghai,46
Shanghai,136
Shanghai,136
Shanghai,136
Shanghai,136
Shanghai,136
Shanghai,46
Shanghai,46
Shanghai,136
Shanghai,136
Shanghai,136
Shanghai,136
Shanghai,136
Shanghai,310
Shanghai,310
Shanghai,310
Shanghai,310
Shanghai,310
Shanghai,310
Shanghai,310
Shanghai,310
Shanghai,310
Shanghai,310
Shanghai,310
Shanghai,310
Shanghai,310
Shanghai,310
Shanghai,310
Shanghai,310
Shanghai,310
Shanghai,310
Shanghai,310
Shanghai,310
Shanghai,310
Shanghai,310
Shanghai,310
Shanghai,310
Shanghai,310
Shanghai,310
Shanghai,133
Shanghai,310
Shanghai,133
Shanghai,133
Shanghai,133
Shanghai,133
Shanghai,46
Shanghai,46
Shanghai,136
Shanghai,136
Shanghai,136
Shanghai,136
Shanghai,136
Shanghai,46
Shanghai,46
Shanghai,136
Shanghai,136
Shanghai,136
Shanghai,136
Shanghai,136
Shanghai,310
Shanghai,310
Shanghai,310
Shanghai,310
Shanghai,310
Shanghai,310
Shanghai,310
Shanghai,310
Shanghai,310
Shanghai,310
Shanghai,310
Shanghai,310
Shanghai,310
Shanghai,310
Shanghai,310
Shanghai,310
Shanghai,310
Shanghai,310
Shanghai,310
Shanghai,310
Shanghai,310
Shanghai,310
Shanghai,310
Shanghai,310
Shanghai,310
Shanghai,310
Shanghai,310
Shanghai,133
Shanghai,133
Shanghai,133
Shanghai,133
Shanghai,133
Shanghai,46
Shanghai,46
Shanghai,136
Shanghai,136
Shanghai,136
Shanghai,136
Shanghai,136
Shanghai,46
Shanghai,46
Shanghai,136
Shanghai,136
Shanghai,136
Shanghai,136
Shanghai,136
Shanghai,46
Shanghai,46
Shanghai,136
Shanghai,136
Shanghai,136
Shanghai,136
Shanghai,136
Shanghai,315
Shanghai,315
Shanghai,315
Shanghai,315
Shanghai,315
Shanghai,315
Shanghai,315
Shanghai,315
Shantou,64
Shantou,64
Shantou,64
Shantou,64
Shantou,56
Shantou,64
Shantou,64
Shantou,64
Shantou,64
Shantou,56
Shantou,64
Shantou,64
Shantou,64
Shantou,64
Shantou,56
Shantou,64
Shantou,64
Shantou,64
Shantou,64
Shantou,56
Shantou,64
Shantou,64
Shantou,64
Shantou,64
Shantou,56
Shantou,64
Shantou,64
Shantou,64
Shantou,64
Shantou,64
Shantou,64
Shantou,64
Shantou,64
Shantou,56
Shantou,64
Shantou,64
Shantou,64
Shantou,64
Shantou,56
Shantou,203
Shantou,203
Shantou,203
Shantou,203
Shantou,182
Shantou,126
Shantou,84
Shantou,84
Shantou,84
Shantou,106
Shantou,106
Shantou,106
Shantou,106
Shantou,106
Shantou,106
Shantou,106
Shantou,203
Shantou,203
Shantou,203
Shantou,203
Shantou,182
Shantou,126
Shantou,84
Shantou,84
Shantou,84
Shantou,106
Shantou,106
Shantou,106
Shantou,106
Shantou,106
Shantou,106
Shantou,106
Shantou,203
Shantou,203
Shantou,203
Shantou,203
Shantou,182
Shantou,126
Shantou,84
Shantou,84
Shantou,84
Shantou,106
Shantou,106
Shantou,106
Shantou,106
Shantou,106
Shantou,106
Shantou,106
Shantou,203
Shantou,203
Shantou,203
Shantou,203
Shantou,182
Shantou,126
Shantou,84
Shantou,84
Shantou,84
Shantou,106
Shantou,106
Shantou,106
Shantou,106
Shantou,106
Shantou,106
Shantou,106
Shantou,203
Shantou,203
Shantou,203
Shantou,203
Shantou,182
Shantou,126
Shantou,84
Shantou,84
Shantou,84
Shantou,106
Shantou,106
Shantou,106
Shantou,106
Shantou,106
Shantou,106
Shantou,106
Shantou,203
Shantou,203
Shantou,203
Shantou,203
Shantou,182
Shantou,126
Shantou,84
Shantou,84
Shantou,84
Shantou,106
Shantou,106
Shantou,106
Shantou,106
Shantou,106
Shantou,106
Shantou,106
Shantou,203
Shantou,203
Shantou,203
Shantou,203
Shantou,182
Shantou,126
Shantou,106
Shantou,106
Shantou,106
Shantou,106
Shantou,106
Shantou,106
Shantou,106
Shantou,203
Shantou,203
Shantou,203
Shantou,203
Shantou,182
Shantou,126
Shantou,84
Shantou,84
Shantou,84
Shantou,106
Shantou,106
Shantou,106
Shantou,106
Shantou,106
Shantou,106
Shantou,106
Shanxi,137
Shaoxing,302
Shaoxing,301
Shaoxing,301
Shaoxing,301
Shaoxing,301
Shaoxing,301
Shaoxing,301
Shaoxing,301
Shaoxing,301
Shaoxing,301
Shaoxing,301
Shaoxing,293
Shaoxing,302
Shaoxing,301
Shaoxing,301
Shaoxing,301
Shaoxing,301
Shaoxing,301
Shaoxing,301
Shaoxing,301
Shaoxing,301
Shaoxing,301
Shaoxing,301
Shaoxing,293
Shaoxing,302
Shaoxing,301
Shaoxing,301
Shaoxing,301
Shaoxing,301
Shaoxing,301
Shaoxing,301
Shaoxing,301
Shaoxing,301
Shaoxing,301
Shaoxing,301
Shaoxing,293
Shaoxing,302
Shaoxing,301
Shaoxing,301
Shaoxing,301
Shaoxing,301
Shaoxing,301
Shaoxing,301
Shaoxing,301
Shaoxing,301
Shaoxing,301
Shaoxing,301
Shaoxing,293
Shaoxing,302
Shaoxing,301
Shaoxing,301
Shaoxing,301
Shaoxing,301
Shaoxing,301
Shaoxing,301
Shaoxing,301
Shaoxing,301
Shaoxing,301
Shaoxing,301
Shaoxing,293
Shaoxing,302
Shaoxing,301
Shaoxing,301
Shaoxing,301
Shaoxing,301
Shaoxing,301
Shaoxing,301
Shaoxing,301
Shaoxing,301
Shaoxing,301
Shaoxing,301
Shaoxing,293
Shaoxing,301
Shaoxing,301
Shaoxing,302
Shaoxing,301
Shaoxing,301
Shaoxing,301
Shaoxing,301
Shaoxing,301
Shaoxing,301
Shaoxing,301
Shaoxing,301
Shaoxing,301
Shaoxing,301
Shaoxing,293
Shaoxing,302
Shaoxing,301
Shaoxing,301
Shaoxing,301
Shaoxing,301
Shaoxing,301
Shaoxing,301
Shaoxing,301
Shaoxing,301
Shaoxing,293
Shenzhen,347
Shenzhen,347
Shenzhen,347
Shenzhen,347
Shenzhen,50
Shenzhen,347
Shenzhen,346
Shenzhen,343
Shenzhen,343
Shenzhen,343
Shenzhen,344
Shenzhen,344
Shenzhen,344
Shenzhen,344
Shenzhen,347
Shenzhen,347
Shenzhen,347
Shenzhen,347
Shenzhen,50
Shenzhen,347
Shenzhen,346
Shenzhen,343
Shenzhen,343
Shenzhen,343
Shenzhen,344
Shenzhen,344
Shenzhen,344
Shenzhen,344
Shenzhen,347
Shenzhen,347
Shenzhen,347
Shenzhen,347
Shenzhen,50
Shenzhen,347
Shenzhen,346
Shenzhen,343
Shenzhen,343
Shenzhen,343
Shenzhen,344
Shenzhen,344
Shenzhen,344
Shenzhen,344
Shenzhen,347
Shenzhen,347
Shenzhen,347
Shenzhen,347
Shenzhen,50
Shenzhen,347
Shenzhen,346
Shenzhen,343
Shenzhen,343
Shenzhen,343
Shenzhen,344
Shenzhen,344
Shenzhen,344
Shenzhen,344
Shenzhen,347
Shenzhen,347
Shenzhen,347
Shenzhen,347
Shenzhen,50
Shenzhen,347
Shenzhen,346
Shenzhen,343
Shenzhen,343
Shenzhen,343
Shenzhen,344
Shenzhen,344
Shenzhen,344
Shenzhen,344
Shenzhen,347
Shenzhen,347
Shenzhen,50
Shenzhen,347
Shenzhen,346
Shenzhen,343
Shenzhen,344
Shenzhen,344
Shenzhen,344
Shenzhen,344
Shenzhen,50
Shenzhen,343
Shenzhen,353
Shenzhen,353
Shenzhen,353
Shenzhen,353
Shenzhen,353
Shenzhen,347
Shenzhen,347
Shenzhen,347
Shenzhen,347
Shenzhen,347
Shenzhen,346
Shenzhen,343
Shenzhen,343
Shenzhen,343
Shenzhen,344
Shenzhen,344
Shenzhen,344
Shenzhen,344
Shenzhen,347
Shenzhen,347
Shenzhen,347
Shenzhen,347
Shenzhen,50
Shenzhen,347
Shenzhen,346
Shenzhen,343
Shenzhen,343
Shenzhen,343
Shenzhen,344
Shenzhen,344
Shenzhen,344
Shenzhen,344
Shenzhen,343
Shenzhen,353
Shenzhen,353
Shenzhen,353
Shenzhen,353
Shenzhen,353
Shenzhen,343
Shenzhen,353
Shenzhen,353
Shenzhen,353
Shenzhen,353
Shenzhen,353
Shenzhen,343
Shenzhen,353
Shenzhen,353
Shenzhen,353
Shenzhen,353
Shenzhen,353
Shenzhen,343
Shenzhen,353
Shenzhen,353
Shenzhen,353
Shenzhen,353
Shenzhen,353
Shenzhen,343
Shenzhen,353
Shenzhen,353
Shenzhen,353
Shenzhen,353
Shenzhen,353
Shenzhen,343
Shenzhen,353
Shenzhen,353
Shenzhen,353
Shenzhen,353
Shenzhen,353
Shenzhen,343
Shenzhen,353
Shenzhen,353
Shenzhen,353
Shenzhen,353
Shenzhen,353
Shenzhen,343
Shenzhen,343
Sichuan,68
Suzhou,99
Suzhou,99
Suzhou,99
Suzhou,99
Suzhou,99
Suzhou,99
Suzhou,99
Suzhou,99
Suzhou,92
Suzhou,305
Suzhou,305
Suzhou,305
Suzhou,305
Suzhou,335
Suzhou,335
Suzhou,92
Suzhou,335
Suzhou,305
Suzhou,305
Suzhou,305
Suzhou,305
Suzhou,335
Suzhou,92
Suzhou,92
Suzhou,305
Suzhou,305
Suzhou,305
Suzhou,305
Suzhou,335
Suzhou,335
Suzhou,92
Suzhou,92
Suzhou,92
Suzhou,92
Tianjing,140
Tianjing,140
Tianjing,140
Tianjing,140
Tianjing,140
Tianjing,140
Tianjing,140
Tianjing,140
Tibet,306
Tibet,306
Tibet,306
Tibet,94
Tibet,306
Tibet,306
Tibet,306
Tibet,306
Tibet,306
Wuxi,93
Wuxi,95
Wuxi,93
Wuxi,95
Wuxi,95
Wuxi,93
Wuxi,93
Wuxi,95
Wuxi,95
Wuxi,93
Wuxi,93
Wuxi,95
Wuxi,95
Wuxi,93
Wuxi,93
Wuxi,95
Wuxi,152
Wuxi,112
Wuxi,139
Wuxi,353
Wuxi,152
Wuxi,112
Wuxi,139
Wuxi,353
Wuxi,152
Wuxi,112
Wuxi,139
Wuxi,353
Wuxi,152
Wuxi,112
Wuxi,139
Wuxi,353
Wuxi,152
Wuxi,112
Wuxi,139
Wuxi,353
Wuxi,152
Wuxi,112
Wuxi,139
Wuxi,353
Wuxi,152
Wuxi,112
Wuxi,139
Wuxi,353
Wuxi,152
Wuxi,112
Wuxi,139
Wuxi,353
Xinjiang,337
Xinjiang,337
Xinjiang,337
Xinjiang,337
Xinjiang,337
Xinjiang,337
Xinjiang,184
Xinjiang,337
Xinjiang,337
Xinjiang,337
Xinjiang,337
Xinjiang,337
Xinjiang,337
Xinjiang,337
Xinjiang,337
Xinjiang,337
Xinjiang,337
Xuzhou,29
Xuzhou,29
Xuzhou,29
Xuzhou,29
Xuzhou,29
Xuzhou,29
Xuzhou,29
Xuzhou,29
Yunnan,75
Yunnan,75
Yunnan,75
Yunnan,75
Yunnan,75
Yunnan,75
Yunnan,75
Yunnan,75
Yunnan,325
Yunnan,325
Yunnan,325
Yunnan,187
Yunnan,325
Yunnan,325
Yunnan,325
Yunnan,325
Yunnan,325
Zhangzhou,181
Zhangzhou,174
Zhangzhou,181
Zhangzhou,174
Zhangzhou,181
Zhangzhou,174
Zhangzhou,181
Zhangzhou,174
Zhangzhou,181
Zhangzhou,174
Zhangzhou,181
Zhangzhou,174
Zhangzhou,181
Zhangzhou,174
Zhangzhou,181
Zhangzhou,174
Zhejiang,20
Zhejiang,17
Zhejiang,27
Zhejiang,94
Zhejiang,94
Zhejiang,94
Zhejiang,112
Zhejiang,101
Zhejiang,101
Zhejiang,20
Zhejiang,17
Zhejiang,27
Zhejiang,94
Zhejiang,94
Zhejiang,94
Zhejiang,112
Zhejiang,101
Zhejiang,101
Zhejiang,20
Zhejiang,17
Zhejiang,27
Zhejiang,112
Zhejiang,101
Zhejiang,101
Zhejiang,20
Zhejiang,17
Zhejiang,27
Zhejiang,94
Zhejiang,94
Zhejiang,94
Zhejiang,112
Zhejiang,101
Zhejiang,101
Zhejiang,20
Zhejiang,17
Zhejiang,27
Zhejiang,94
Zhejiang,112
Zhejiang,101
Zhejiang,101
Zhejiang,20
Zhejiang,17
Zhejiang,27
Zhejiang,94
Zhejiang,94
Zhejiang,94
Zhejiang,112
Zhejiang,101
Zhejiang,101
Zhejiang,20
Zhejiang,17
Zhejiang,27
Zhejiang,94
Zhejiang,94
Zhejiang,94
Zhejiang,112
Zhejiang,101
Zhejiang,101
Zhejiang,20
Zhejiang,17
Zhejiang,27
Zhejiang,94
Zhejiang,94
Zhejiang,94
Zhejiang,112
Zhejiang,101
Zhejiang,101
zhejiang,95
Zhejiang,350
Zhejiang,350
Zhejiang,10
Zhejiang,350
Zhejiang,350
Zhejiang,10
Zhejiang,350
Zhejiang,350
Zhejiang,10
Zhejiang,350
Zhejiang,350
Zhejiang,10
Zhejiang,350
Zhejiang,350
Zhejiang,10
Zhejiang,350
Zhejiang,350
Zhejiang,10
Zhejiang,350
Zhejiang,350
Zhejiang,10
Zhejiang,350
Zhejiang,350
Zhejiang,10
Zhejiang,44
Zhejiang,6
Zhejiang,9
Zhejiang,124
Zhejiang,1
Zhejiang,342
Zhejiang,342
Zhejiang,342
Zhejiang,342
Zhejiang,329
Zhejiang,342
Zhejiang,342
Zhejiang,83
Zhejiang,131
Zhejiang,44
Zhejiang,6
Zhejiang,9
Zhejiang,124
Zhejiang,1
Zhejiang,342
Zhejiang,342
Zhejiang,342
Zhejiang,342
Zhejiang,329
Zhejiang,342
Zhejiang,342
Zhejiang,83
Zhejiang,131
Zhejiang,47
Zhejiang,1
Zhejiang,342
Zhejiang,342
Zhejiang,342
Zhejiang,342
Zhejiang,329
Zhejiang,342
Zhejiang,342
Zhejiang,83
Zhejiang,131
Zhejiang,32
Zhejiang,44
Zhejiang,6
Zhejiang,9
Zhejiang,124
Zhejiang,1
Zhejiang,342
Zhejiang,342
Zhejiang,342
Zhejiang,342
Zhejiang,329
Zhejiang,342
Zhejiang,342
Zhejiang,83
Zhejiang,131
Zhejiang,124
Zhejiang,44
Zhejiang,6
Zhejiang,9
Zhejiang,1
Zhejiang,342
Zhejiang,342
Zhejiang,342
Zhejiang,342
Zhejiang,329
Zhejiang,342
Zhejiang,342
Zhejiang,83
Zhejiang,131
Zhejiang,124
Zhejiang,44
Zhejiang,6
Zhejiang,9
Zhejiang,1
Zhejiang,342
Zhejiang,342
Zhejiang,342
Zhejiang,342
Zhejiang,329
Zhejiang,342
Zhejiang,342
Zhejiang,83
Zhejiang,131
Zhejiang,44
Zhejiang,6
Zhejiang,9
Zhejiang,124
Zhejiang,1
Zhejiang,342
Zhejiang,342
Zhejiang,342
Zhejiang,342
Zhejiang,329
Zhejiang,342
Zhejiang,342
Zhejiang,83
Zhejiang,131
Zhejiang,6
Zhejiang,9
Zhejiang,124
Zhejiang,44
Zhejiang,1
Zhejiang,342
Zhejiang,342
Zhejiang,342
Zhejiang,342
Zhejiang,329
Zhejiang,342
Zhejiang,342
Zhejiang,83
Zhejiang,131
Zhongshan,12
Zhongshan,12
Zhongshan,12
Zhongshan,12
Zhongshan,12
Zhongshan,12
Zhongshan,12
Zhongshan,12
